-- MySQL dump 10.13  Distrib 8.0.21, for Win64 (x86_64)
--
-- Host: localhost    Database: vk
-- ------------------------------------------------------
-- Server version	8.0.21

/*!40101 SET @OLD_CHARACTER_SET_CLIENT=@@CHARACTER_SET_CLIENT */;
/*!40101 SET @OLD_CHARACTER_SET_RESULTS=@@CHARACTER_SET_RESULTS */;
/*!40101 SET @OLD_COLLATION_CONNECTION=@@COLLATION_CONNECTION */;
/*!50503 SET NAMES utf8mb4 */;
/*!40103 SET @OLD_TIME_ZONE=@@TIME_ZONE */;
/*!40103 SET TIME_ZONE='+00:00' */;
/*!40014 SET @OLD_UNIQUE_CHECKS=@@UNIQUE_CHECKS, UNIQUE_CHECKS=0 */;
/*!40014 SET @OLD_FOREIGN_KEY_CHECKS=@@FOREIGN_KEY_CHECKS, FOREIGN_KEY_CHECKS=0 */;
/*!40101 SET @OLD_SQL_MODE=@@SQL_MODE, SQL_MODE='NO_AUTO_VALUE_ON_ZERO' */;
/*!40111 SET @OLD_SQL_NOTES=@@SQL_NOTES, SQL_NOTES=0 */;

--
-- Table structure for table `catalogs`
--

DROP TABLE IF EXISTS `catalogs`;
/*!40101 SET @saved_cs_client     = @@character_set_client */;
/*!50503 SET character_set_client = utf8mb4 */;
CREATE TABLE `catalogs` (
  `id` bigint unsigned NOT NULL AUTO_INCREMENT,
  `name` varchar(255) DEFAULT NULL COMMENT 'Название раздела',
  PRIMARY KEY (`id`),
  UNIQUE KEY `id` (`id`),
  UNIQUE KEY `unique_name` (`name`(10))
) ENGINE=InnoDB AUTO_INCREMENT=6 DEFAULT CHARSET=utf8mb4 COLLATE=utf8mb4_0900_ai_ci COMMENT='Разделы интернет-магазина';
/*!40101 SET character_set_client = @saved_cs_client */;

--
-- Dumping data for table `catalogs`
--

LOCK TABLES `catalogs` WRITE;
/*!40000 ALTER TABLE `catalogs` DISABLE KEYS */;
INSERT INTO `catalogs` VALUES (1,'Процессоры'),(2,'Материнские платы'),(3,'Видеокарты'),(4,'Жесткие диски'),(5,'Оперативная память');
/*!40000 ALTER TABLE `catalogs` ENABLE KEYS */;
UNLOCK TABLES;

--
-- Table structure for table `cities`
--

DROP TABLE IF EXISTS `cities`;
/*!40101 SET @saved_cs_client     = @@character_set_client */;
/*!50503 SET character_set_client = utf8mb4 */;
CREATE TABLE `cities` (
  `id` int unsigned NOT NULL AUTO_INCREMENT COMMENT 'Идентификатор строки',
  `country_id` int unsigned DEFAULT NULL,
  `name` varchar(50) NOT NULL COMMENT 'Название города',
  `created_at` datetime DEFAULT CURRENT_TIMESTAMP COMMENT 'Время создания строки',
  `updated_at` datetime DEFAULT CURRENT_TIMESTAMP ON UPDATE CURRENT_TIMESTAMP COMMENT 'Время обновления строки',
  PRIMARY KEY (`id`),
  UNIQUE KEY `name` (`name`)
) ENGINE=InnoDB AUTO_INCREMENT=101 DEFAULT CHARSET=utf8mb4 COLLATE=utf8mb4_0900_ai_ci COMMENT='Список стран';
/*!40101 SET character_set_client = @saved_cs_client */;

--
-- Dumping data for table `cities`
--

LOCK TABLES `cities` WRITE;
/*!40000 ALTER TABLE `cities` DISABLE KEYS */;
INSERT INTO `cities` VALUES (1,28,'Lake Jeffery','2020-10-19 20:53:36','2020-10-19 20:56:29'),(2,18,'New Teagan','2020-10-19 20:53:36','2020-10-19 20:56:29'),(3,6,'South Marcellaberg','2020-10-19 20:53:36','2020-10-19 20:56:29'),(4,57,'Port Raestad','2020-10-19 20:53:36','2020-10-19 20:56:29'),(5,20,'Whitneyland','2020-10-19 20:53:36','2020-10-19 20:56:29'),(6,10,'South Skylartown','2020-10-19 20:53:36','2020-10-19 20:56:29'),(7,70,'East Thaddeushaven','2020-10-19 20:53:36','2020-10-19 20:56:29'),(8,77,'Dorrisberg','2020-10-19 20:53:36','2020-10-19 20:56:29'),(9,8,'New Darrickton','2020-10-19 20:53:36','2020-10-19 20:56:29'),(10,57,'South Anne','2020-10-19 20:53:36','2020-10-19 20:56:29'),(11,12,'Sharonmouth','2020-10-19 20:53:36','2020-10-19 20:56:29'),(12,53,'South Clemmiefurt','2020-10-19 20:53:36','2020-10-19 20:56:29'),(13,66,'Stromanview','2020-10-19 20:53:36','2020-10-19 20:56:29'),(14,7,'Swiftstad','2020-10-19 20:53:36','2020-10-19 20:56:29'),(15,82,'East Luisa','2020-10-19 20:53:36','2020-10-19 20:56:29'),(16,59,'South Herbertburgh','2020-10-19 20:53:36','2020-10-19 20:56:29'),(17,48,'Port Zachery','2020-10-19 20:53:36','2020-10-19 20:56:29'),(18,63,'West Keshawnfurt','2020-10-19 20:53:36','2020-10-19 20:56:29'),(19,7,'Ariannastad','2020-10-19 20:53:36','2020-10-19 20:56:29'),(20,11,'New Bartbury','2020-10-19 20:53:36','2020-10-19 20:56:29'),(21,33,'Port Kaleigh','2020-10-19 20:53:36','2020-10-19 20:56:29'),(22,49,'Nikolasfurt','2020-10-19 20:53:36','2020-10-19 20:56:29'),(23,64,'Wisokyburgh','2020-10-19 20:53:36','2020-10-19 20:56:29'),(24,8,'Kellieland','2020-10-19 20:53:36','2020-10-19 20:56:29'),(25,14,'New Freddy','2020-10-19 20:53:36','2020-10-19 20:56:29'),(26,42,'Lake Andy','2020-10-19 20:53:36','2020-10-19 20:56:29'),(27,4,'Lake Emelyfort','2020-10-19 20:53:36','2020-10-19 20:56:29'),(28,56,'Krisfurt','2020-10-19 20:53:36','2020-10-19 20:56:29'),(29,24,'West Barthaven','2020-10-19 20:53:36','2020-10-19 20:56:29'),(30,34,'Murlfurt','2020-10-19 20:53:36','2020-10-19 20:56:29'),(31,13,'Trevionstad','2020-10-19 20:53:36','2020-10-19 20:56:29'),(32,45,'Hagenesside','2020-10-19 20:53:36','2020-10-19 20:56:29'),(33,21,'South Osborne','2020-10-19 20:53:36','2020-10-19 20:56:29'),(34,53,'Lake Viva','2020-10-19 20:53:36','2020-10-19 20:56:29'),(35,38,'Micaelaburgh','2020-10-19 20:53:36','2020-10-19 20:56:29'),(36,29,'South Jaquanbury','2020-10-19 20:53:36','2020-10-19 20:56:29'),(37,30,'Lake Isabelle','2020-10-19 20:53:36','2020-10-19 20:56:29'),(38,65,'South Tarafort','2020-10-19 20:53:36','2020-10-19 20:56:29'),(39,69,'East Leanne','2020-10-19 20:53:36','2020-10-19 20:56:29'),(40,69,'Martineville','2020-10-19 20:53:36','2020-10-19 20:56:29'),(41,57,'Lawrencestad','2020-10-19 20:53:36','2020-10-19 20:56:29'),(42,74,'Lake Loraview','2020-10-19 20:53:36','2020-10-19 20:56:29'),(43,35,'West Earline','2020-10-19 20:53:36','2020-10-19 20:56:29'),(44,37,'East Murlhaven','2020-10-19 20:53:36','2020-10-19 20:56:29'),(45,76,'Jonesbury','2020-10-19 20:53:36','2020-10-19 20:56:29'),(46,26,'Dejamouth','2020-10-19 20:53:36','2020-10-19 20:56:29'),(47,63,'Reannabury','2020-10-19 20:53:36','2020-10-19 20:56:29'),(48,74,'West Reynaport','2020-10-19 20:53:36','2020-10-19 20:56:29'),(49,14,'North Bradlytown','2020-10-19 20:53:36','2020-10-19 20:56:29'),(50,12,'East Ernie','2020-10-19 20:53:36','2020-10-19 20:56:29'),(51,20,'Sanfordtown','2020-10-19 20:53:36','2020-10-19 20:56:29'),(52,63,'Nickolasport','2020-10-19 20:53:36','2020-10-19 20:56:29'),(53,9,'Port Vincent','2020-10-19 20:53:36','2020-10-19 20:56:29'),(54,18,'Port Lily','2020-10-19 20:53:36','2020-10-19 20:56:29'),(55,65,'West Katelinburgh','2020-10-19 20:53:36','2020-10-19 20:56:29'),(56,22,'North Marquesmouth','2020-10-19 20:53:36','2020-10-19 20:56:29'),(57,78,'Port Ellis','2020-10-19 20:53:36','2020-10-19 20:56:29'),(58,80,'Port Luciano','2020-10-19 20:53:36','2020-10-19 20:56:29'),(59,1,'Montyport','2020-10-19 20:53:36','2020-10-19 20:56:29'),(60,10,'North Raymond','2020-10-19 20:53:36','2020-10-19 20:56:29'),(61,46,'Nitzscheburgh','2020-10-19 20:53:36','2020-10-19 20:56:29'),(62,38,'Jerroldport','2020-10-19 20:53:36','2020-10-19 20:56:29'),(63,49,'Fayechester','2020-10-19 20:53:36','2020-10-19 20:56:29'),(64,49,'Raynorchester','2020-10-19 20:53:36','2020-10-19 20:56:29'),(65,17,'Hammesmouth','2020-10-19 20:53:36','2020-10-19 20:56:29'),(66,17,'Oberbrunnerfort','2020-10-19 20:53:36','2020-10-19 20:56:29'),(67,33,'North Lola','2020-10-19 20:53:36','2020-10-19 20:56:29'),(68,32,'Nathenland','2020-10-19 20:53:36','2020-10-19 20:56:29'),(69,61,'East Evertville','2020-10-19 20:53:36','2020-10-19 20:56:29'),(70,45,'Serenaville','2020-10-19 20:53:36','2020-10-19 20:56:29'),(71,40,'Aufderharville','2020-10-19 20:53:36','2020-10-19 20:56:29'),(72,67,'Kohlerbury','2020-10-19 20:53:36','2020-10-19 20:56:29'),(73,49,'Haleyfort','2020-10-19 20:53:36','2020-10-19 20:56:29'),(74,44,'East Issac','2020-10-19 20:53:36','2020-10-19 20:56:29'),(75,71,'Greggview','2020-10-19 20:53:36','2020-10-19 20:56:29'),(76,57,'Marcelinotown','2020-10-19 20:53:36','2020-10-19 20:56:29'),(77,75,'Connieberg','2020-10-19 20:53:36','2020-10-19 20:56:29'),(78,39,'Tarynburgh','2020-10-19 20:53:36','2020-10-19 20:56:29'),(79,49,'East Rafael','2020-10-19 20:53:36','2020-10-19 20:56:29'),(80,47,'South Linahaven','2020-10-19 20:53:36','2020-10-19 20:56:29'),(81,7,'Lebsacktown','2020-10-19 20:53:36','2020-10-19 20:56:29'),(82,57,'Mylesburgh','2020-10-19 20:53:36','2020-10-19 20:56:29'),(83,18,'Lake Lacyfurt','2020-10-19 20:53:36','2020-10-19 20:56:29'),(84,1,'Smithmouth','2020-10-19 20:53:36','2020-10-19 20:56:29'),(85,33,'Mannburgh','2020-10-19 20:53:36','2020-10-19 20:56:29'),(86,80,'Ceciliaburgh','2020-10-19 20:53:36','2020-10-19 20:56:29'),(87,53,'Port Jack','2020-10-19 20:53:36','2020-10-19 20:56:29'),(88,24,'Kulasburgh','2020-10-19 20:53:36','2020-10-19 20:56:29'),(89,41,'Lake Adelineville','2020-10-19 20:53:36','2020-10-19 20:56:29'),(90,53,'Port Alison','2020-10-19 20:53:36','2020-10-19 20:56:29'),(91,58,'Maximusstad','2020-10-19 20:53:36','2020-10-19 20:56:29'),(92,49,'Kuhichaven','2020-10-19 20:53:36','2020-10-19 20:56:29'),(93,72,'East Mitchelview','2020-10-19 20:53:36','2020-10-19 20:56:29'),(94,46,'Ankundingmouth','2020-10-19 20:53:36','2020-10-19 20:56:29'),(95,15,'Lynnside','2020-10-19 20:53:36','2020-10-19 20:56:29'),(96,19,'Abbottberg','2020-10-19 20:53:36','2020-10-19 20:56:29'),(97,49,'Lake Sterling','2020-10-19 20:53:36','2020-10-19 20:56:29'),(98,23,'Lake Misty','2020-10-19 20:53:36','2020-10-19 20:56:29'),(99,48,'Aronshire','2020-10-19 20:53:36','2020-10-19 20:56:29'),(100,9,'Emmetstad','2020-10-19 20:53:36','2020-10-19 20:56:29');
/*!40000 ALTER TABLE `cities` ENABLE KEYS */;
UNLOCK TABLES;

--
-- Table structure for table `communities`
--

DROP TABLE IF EXISTS `communities`;
/*!40101 SET @saved_cs_client     = @@character_set_client */;
/*!50503 SET character_set_client = utf8mb4 */;
CREATE TABLE `communities` (
  `id` int unsigned NOT NULL AUTO_INCREMENT COMMENT 'Идентификатор сроки',
  `name` varchar(150) CHARACTER SET utf8 COLLATE utf8_unicode_ci NOT NULL COMMENT 'Название группы',
  `created_at` datetime DEFAULT CURRENT_TIMESTAMP COMMENT 'Время создания строки',
  `updated_at` datetime DEFAULT CURRENT_TIMESTAMP ON UPDATE CURRENT_TIMESTAMP COMMENT 'Время обновления строки',
  PRIMARY KEY (`id`),
  UNIQUE KEY `name` (`name`)
) ENGINE=InnoDB AUTO_INCREMENT=101 DEFAULT CHARSET=utf8 COLLATE=utf8_unicode_ci COMMENT='Группы';
/*!40101 SET character_set_client = @saved_cs_client */;

--
-- Dumping data for table `communities`
--

LOCK TABLES `communities` WRITE;
/*!40000 ALTER TABLE `communities` DISABLE KEYS */;
INSERT INTO `communities` VALUES (1,'neque','2017-06-26 11:17:36','2017-09-06 20:28:36'),(2,'rerum','2013-06-13 14:09:20','2011-03-03 23:31:35'),(3,'sit','2018-04-28 21:09:37','2015-06-26 17:25:01'),(4,'nostrum','2016-10-23 07:17:56','2013-12-24 22:58:45'),(5,'commodi','2011-12-03 09:13:19','2011-10-03 10:55:10'),(6,'numquam','2020-09-05 14:34:14','2011-02-21 18:58:54'),(7,'omnis','2010-12-03 12:27:58','2012-12-09 10:53:56'),(8,'aspernatur','2018-11-20 03:36:34','2011-02-26 14:46:42'),(9,'esse','2016-08-24 01:46:00','2013-03-09 20:09:22'),(10,'consequatur','2013-04-30 02:33:51','2018-06-20 01:22:30'),(11,'aperiam','2017-02-11 17:41:54','2016-09-18 08:20:54'),(12,'facilis','2015-08-07 13:20:20','2018-06-12 05:15:04'),(13,'molestiae','2020-05-09 06:16:19','2017-04-28 15:30:14'),(14,'ab','2018-09-28 09:58:08','2016-08-13 14:57:57'),(15,'corporis','2018-10-29 22:55:02','2014-12-15 21:59:31'),(16,'et','2012-12-03 13:10:15','2013-07-11 02:22:01'),(17,'aut','2018-08-20 06:59:18','2017-05-30 05:32:23'),(18,'rem','2017-10-14 09:10:17','2012-11-12 20:00:24'),(19,'repellendus','2015-11-15 20:24:01','2015-09-06 20:21:16'),(20,'veniam','2014-09-17 05:10:29','2017-03-06 17:28:57');
/*!40000 ALTER TABLE `communities` ENABLE KEYS */;
UNLOCK TABLES;

--
-- Table structure for table `communities_users`
--

DROP TABLE IF EXISTS `communities_users`;
/*!40101 SET @saved_cs_client     = @@character_set_client */;
/*!50503 SET character_set_client = utf8mb4 */;
CREATE TABLE `communities_users` (
  `community_id` int unsigned NOT NULL COMMENT 'Ссылка на группу',
  `user_id` int unsigned NOT NULL COMMENT 'Ссылка на пользователя',
  `created_at` datetime DEFAULT CURRENT_TIMESTAMP COMMENT 'Время создания строки',
  PRIMARY KEY (`community_id`,`user_id`) COMMENT 'Составной первичный ключ'
) ENGINE=InnoDB DEFAULT CHARSET=utf8 COLLATE=utf8_unicode_ci COMMENT='Участники групп, связь между пользователями и группами';
/*!40101 SET character_set_client = @saved_cs_client */;

--
-- Dumping data for table `communities_users`
--

LOCK TABLES `communities_users` WRITE;
/*!40000 ALTER TABLE `communities_users` DISABLE KEYS */;
INSERT INTO `communities_users` VALUES (1,42,'2016-05-29 05:43:32'),(1,64,'2020-02-19 21:33:24'),(1,73,'2011-01-26 00:15:15'),(1,86,'2020-05-21 11:18:37'),(1,89,'2016-06-24 19:20:05'),(2,7,'2014-04-30 13:19:02'),(2,11,'2014-06-07 10:24:20'),(2,39,'2011-10-01 10:23:47'),(2,47,'2014-05-19 17:47:15'),(2,61,'2018-04-28 09:51:20'),(2,68,'2014-10-20 22:58:56'),(2,94,'2013-05-29 06:08:34'),(3,1,'2015-10-16 03:49:35'),(3,12,'2012-12-27 07:19:27'),(3,23,'2016-11-27 08:58:30'),(3,32,'2011-04-15 19:00:33'),(3,35,'2012-04-10 13:32:59'),(3,45,'2011-05-03 04:15:29'),(3,59,'2018-04-03 03:11:46'),(3,60,'2018-07-09 02:46:53'),(3,62,'2013-11-14 22:14:54'),(4,25,'2014-05-29 03:14:25'),(5,8,'2017-10-14 21:38:38'),(5,28,'2017-01-31 09:21:37'),(5,29,'2019-12-20 08:45:02'),(5,37,'2015-10-07 15:39:20'),(5,58,'2016-02-28 18:57:27'),(6,4,'2020-03-31 15:46:40'),(6,31,'2019-10-03 14:24:00'),(6,49,'2019-01-23 12:00:44'),(6,54,'2015-05-12 03:39:31'),(6,63,'2012-09-06 01:41:04'),(6,70,'2015-10-24 03:53:09'),(6,74,'2017-08-26 03:45:02'),(6,75,'2012-08-19 13:51:55'),(6,77,'2015-07-05 04:44:56'),(7,27,'2012-10-01 02:21:41'),(7,69,'2014-06-26 14:15:54'),(7,79,'2015-08-07 11:16:57'),(7,80,'2013-04-23 21:17:24'),(7,98,'2020-06-10 11:09:18'),(8,15,'2016-01-27 07:30:40'),(8,30,'2019-02-05 04:28:14'),(8,44,'2016-04-02 22:36:48'),(8,67,'2017-08-24 16:51:12'),(8,87,'2017-01-22 09:52:21'),(9,6,'2017-08-03 12:27:28'),(9,65,'2017-04-18 19:47:03'),(9,78,'2010-10-23 18:56:33'),(9,83,'2014-02-27 21:20:12'),(9,91,'2020-01-29 20:30:45'),(10,13,'2019-04-04 12:46:19'),(10,46,'2014-10-29 01:18:14'),(11,17,'2015-06-13 01:09:33'),(12,2,'2016-08-29 10:06:01'),(12,20,'2018-07-22 14:07:37'),(12,51,'2016-01-02 09:50:39'),(12,71,'2017-11-22 09:33:04'),(12,85,'2014-07-09 23:55:25'),(13,3,'2019-03-29 03:06:40'),(13,19,'2012-09-05 12:41:57'),(13,40,'2020-07-13 23:22:25'),(13,57,'2011-11-15 13:23:14'),(13,76,'2020-03-15 22:25:38'),(13,93,'2020-06-29 13:03:37'),(13,95,'2013-12-02 23:00:32'),(13,97,'2015-02-18 09:24:26'),(14,5,'2018-01-16 23:19:40'),(14,50,'2017-07-17 16:07:03'),(14,56,'2012-02-25 05:08:44'),(15,24,'2020-08-31 14:11:30'),(15,36,'2016-04-30 03:08:31'),(15,82,'2014-06-09 19:44:58'),(15,90,'2016-03-21 14:17:23'),(16,10,'2016-09-21 19:39:35'),(16,26,'2015-04-14 04:13:30'),(16,41,'2014-09-17 05:53:20'),(16,81,'2011-04-22 22:08:01'),(16,99,'2019-02-07 02:32:52'),(17,18,'2012-09-23 16:58:42'),(17,53,'2012-06-06 22:28:44'),(17,88,'2016-11-30 12:55:21'),(18,9,'2020-03-12 16:52:10'),(18,33,'2019-09-09 05:33:14'),(18,43,'2014-03-01 10:00:45'),(18,48,'2020-09-25 05:02:34'),(18,55,'2011-05-24 21:56:00'),(18,100,'2014-01-24 11:41:27'),(19,16,'2012-10-28 12:32:21'),(19,21,'2011-03-14 04:12:07'),(19,34,'2015-11-06 23:27:48'),(19,38,'2017-10-24 16:45:24'),(19,52,'2019-04-02 05:36:31'),(19,66,'2013-04-02 11:21:20'),(19,72,'2016-10-26 23:51:17'),(19,96,'2017-03-24 06:25:57'),(20,14,'2015-01-19 10:59:00'),(20,22,'2017-05-12 23:08:49'),(20,84,'2013-12-19 17:19:49'),(20,92,'2018-05-08 07:00:49');
/*!40000 ALTER TABLE `communities_users` ENABLE KEYS */;
UNLOCK TABLES;

--
-- Table structure for table `countries`
--

DROP TABLE IF EXISTS `countries`;
/*!40101 SET @saved_cs_client     = @@character_set_client */;
/*!50503 SET character_set_client = utf8mb4 */;
CREATE TABLE `countries` (
  `id` int unsigned NOT NULL AUTO_INCREMENT COMMENT 'Идентификатор строки',
  `name` varchar(50) NOT NULL COMMENT 'Название страны',
  `created_at` datetime DEFAULT CURRENT_TIMESTAMP COMMENT 'Время создания строки',
  `updated_at` datetime DEFAULT CURRENT_TIMESTAMP ON UPDATE CURRENT_TIMESTAMP COMMENT 'Время обновления строки',
  PRIMARY KEY (`id`),
  UNIQUE KEY `name` (`name`)
) ENGINE=InnoDB AUTO_INCREMENT=83 DEFAULT CHARSET=utf8mb4 COLLATE=utf8mb4_0900_ai_ci COMMENT='Список стран';
/*!40101 SET character_set_client = @saved_cs_client */;

--
-- Dumping data for table `countries`
--

LOCK TABLES `countries` WRITE;
/*!40000 ALTER TABLE `countries` DISABLE KEYS */;
INSERT INTO `countries` VALUES (1,'Philippines','2020-10-19 20:55:24','2020-10-19 20:55:24'),(2,'Bermuda','2020-10-19 20:55:24','2020-10-19 20:55:24'),(3,'Mongolia','2020-10-19 20:55:24','2020-10-19 20:55:24'),(4,'Cook Islands','2020-10-19 20:55:24','2020-10-19 20:55:24'),(5,'Martinique','2020-10-19 20:55:24','2020-10-19 20:55:24'),(6,'Canada','2020-10-19 20:55:24','2020-10-19 20:55:24'),(7,'Burkina Faso','2020-10-19 20:55:24','2020-10-19 20:55:24'),(8,'Christmas Island','2020-10-19 20:55:24','2020-10-19 20:55:24'),(9,'Romania','2020-10-19 20:55:24','2020-10-19 20:55:24'),(10,'Heard Island and McDonald Islands','2020-10-19 20:55:24','2020-10-19 20:55:24'),(11,'Algeria','2020-10-19 20:55:24','2020-10-19 20:55:24'),(12,'Australia','2020-10-19 20:55:24','2020-10-19 20:55:24'),(13,'Nigeria','2020-10-19 20:55:24','2020-10-19 20:55:24'),(14,'American Samoa','2020-10-19 20:55:24','2020-10-19 20:55:24'),(15,'China','2020-10-19 20:55:24','2020-10-19 20:55:24'),(16,'Seychelles','2020-10-19 20:55:24','2020-10-19 20:55:24'),(17,'Comoros','2020-10-19 20:55:24','2020-10-19 20:55:24'),(18,'Iran','2020-10-19 20:55:24','2020-10-19 20:55:24'),(19,'Eritrea','2020-10-19 20:55:24','2020-10-19 20:55:24'),(20,'Japan','2020-10-19 20:55:24','2020-10-19 20:55:24'),(21,'Mauritania','2020-10-19 20:55:24','2020-10-19 20:55:24'),(22,'Tanzania','2020-10-19 20:55:24','2020-10-19 20:55:24'),(23,'Montenegro','2020-10-19 20:55:24','2020-10-19 20:55:24'),(24,'Maldives','2020-10-19 20:55:24','2020-10-19 20:55:24'),(25,'United States Virgin Islands','2020-10-19 20:55:24','2020-10-19 20:55:24'),(26,'Northern Mariana Islands','2020-10-19 20:55:24','2020-10-19 20:55:24'),(27,'United States Minor Outlying Islands','2020-10-19 20:55:24','2020-10-19 20:55:24'),(28,'Slovenia','2020-10-19 20:55:24','2020-10-19 20:55:24'),(29,'French Guiana','2020-10-19 20:55:24','2020-10-19 20:55:24'),(30,'Guernsey','2020-10-19 20:55:24','2020-10-19 20:55:24'),(31,'Argentina','2020-10-19 20:55:24','2020-10-19 20:55:24'),(32,'Saint Lucia','2020-10-19 20:55:24','2020-10-19 20:55:24'),(33,'Peru','2020-10-19 20:55:24','2020-10-19 20:55:24'),(34,'Switzerland','2020-10-19 20:55:24','2020-10-19 20:55:24'),(35,'Belgium','2020-10-19 20:55:24','2020-10-19 20:55:24'),(36,'Fiji','2020-10-19 20:55:24','2020-10-19 20:55:24'),(37,'Angola','2020-10-19 20:55:24','2020-10-19 20:55:24'),(38,'Namibia','2020-10-19 20:55:24','2020-10-19 20:55:24'),(39,'Wallis and Futuna','2020-10-19 20:55:24','2020-10-19 20:55:24'),(40,'Madagascar','2020-10-19 20:55:24','2020-10-19 20:55:24'),(41,'Rwanda','2020-10-19 20:55:24','2020-10-19 20:55:24'),(42,'Cameroon','2020-10-19 20:55:24','2020-10-19 20:55:24'),(43,'Cayman Islands','2020-10-19 20:55:24','2020-10-19 20:55:24'),(44,'Cambodia','2020-10-19 20:55:24','2020-10-19 20:55:24'),(45,'Aruba','2020-10-19 20:55:24','2020-10-19 20:55:24'),(46,'Germany','2020-10-19 20:55:24','2020-10-19 20:55:24'),(47,'New Caledonia','2020-10-19 20:55:24','2020-10-19 20:55:24'),(48,'Tajikistan','2020-10-19 20:55:24','2020-10-19 20:55:24'),(49,'Jamaica','2020-10-19 20:55:24','2020-10-19 20:55:24'),(50,'Sudan','2020-10-19 20:55:24','2020-10-19 20:55:24'),(51,'Russian Federation','2020-10-19 20:55:24','2020-10-19 20:55:24'),(52,'Montserrat','2020-10-19 20:55:24','2020-10-19 20:55:24'),(53,'French Polynesia','2020-10-19 20:55:24','2020-10-19 20:55:24'),(54,'South Africa','2020-10-19 20:55:24','2020-10-19 20:55:24'),(55,'Mali','2020-10-19 20:55:24','2020-10-19 20:55:24'),(56,'Saint Kitts and Nevis','2020-10-19 20:55:24','2020-10-19 20:55:24'),(57,'Uruguay','2020-10-19 20:55:24','2020-10-19 20:55:24'),(58,'Gabon','2020-10-19 20:55:24','2020-10-19 20:55:24'),(59,'United Kingdom','2020-10-19 20:55:24','2020-10-19 20:55:24'),(60,'Georgia','2020-10-19 20:55:24','2020-10-19 20:55:24'),(61,'Albania','2020-10-19 20:55:24','2020-10-19 20:55:24'),(62,'Guyana','2020-10-19 20:55:24','2020-10-19 20:55:24'),(63,'Micronesia','2020-10-19 20:55:24','2020-10-19 20:55:24'),(64,'Isle of Man','2020-10-19 20:55:24','2020-10-19 20:55:24'),(65,'Liberia','2020-10-19 20:55:24','2020-10-19 20:55:24'),(66,'Marshall Islands','2020-10-19 20:55:24','2020-10-19 20:55:24'),(67,'Samoa','2020-10-19 20:55:24','2020-10-19 20:55:24'),(68,'Sierra Leone','2020-10-19 20:55:24','2020-10-19 20:55:24'),(69,'Jordan','2020-10-19 20:55:24','2020-10-19 20:55:24'),(70,'Singapore','2020-10-19 20:55:24','2020-10-19 20:55:24'),(71,'Poland','2020-10-19 20:55:24','2020-10-19 20:55:24'),(72,'Austria','2020-10-19 20:55:24','2020-10-19 20:55:24'),(73,'Cape Verde','2020-10-19 20:55:24','2020-10-19 20:55:24'),(74,'Guam','2020-10-19 20:55:24','2020-10-19 20:55:24'),(75,'Kazakhstan','2020-10-19 20:55:24','2020-10-19 20:55:24'),(76,'Indonesia','2020-10-19 20:55:24','2020-10-19 20:55:24'),(77,'Pakistan','2020-10-19 20:55:24','2020-10-19 20:55:24'),(78,'Tonga','2020-10-19 20:55:24','2020-10-19 20:55:24'),(79,'Dominica','2020-10-19 20:55:24','2020-10-19 20:55:24'),(80,'Finland','2020-10-19 20:55:24','2020-10-19 20:55:24'),(81,'New Zealand','2020-10-19 20:55:24','2020-10-19 20:55:24'),(82,'Korea','2020-10-19 20:55:24','2020-10-19 20:55:24');
/*!40000 ALTER TABLE `countries` ENABLE KEYS */;
UNLOCK TABLES;

--
-- Table structure for table `data_types`
--

DROP TABLE IF EXISTS `data_types`;
/*!40101 SET @saved_cs_client     = @@character_set_client */;
/*!50503 SET character_set_client = utf8mb4 */;
CREATE TABLE `data_types` (
  `id` int unsigned NOT NULL AUTO_INCREMENT,
  `name` varchar(30) NOT NULL,
  `created_at` datetime DEFAULT CURRENT_TIMESTAMP COMMENT 'Время создания строки',
  `updated_at` datetime DEFAULT CURRENT_TIMESTAMP ON UPDATE CURRENT_TIMESTAMP COMMENT 'Время обновления строки',
  PRIMARY KEY (`id`),
  UNIQUE KEY `name` (`name`)
) ENGINE=InnoDB AUTO_INCREMENT=4 DEFAULT CHARSET=utf8mb4 COLLATE=utf8mb4_0900_ai_ci;
/*!40101 SET character_set_client = @saved_cs_client */;

--
-- Dumping data for table `data_types`
--

LOCK TABLES `data_types` WRITE;
/*!40000 ALTER TABLE `data_types` DISABLE KEYS */;
INSERT INTO `data_types` VALUES (1,'user','2020-10-21 14:06:02','2020-10-21 14:06:02'),(2,'media','2020-10-21 14:06:02','2020-10-21 14:06:02'),(3,'post','2020-10-21 14:06:02','2020-10-21 14:06:02');
/*!40000 ALTER TABLE `data_types` ENABLE KEYS */;
UNLOCK TABLES;

--
-- Table structure for table `discounts`
--

DROP TABLE IF EXISTS `discounts`;
/*!40101 SET @saved_cs_client     = @@character_set_client */;
/*!50503 SET character_set_client = utf8mb4 */;
CREATE TABLE `discounts` (
  `id` bigint unsigned NOT NULL AUTO_INCREMENT,
  `user_id` int unsigned DEFAULT NULL,
  `product_id` int unsigned DEFAULT NULL,
  `discount` float unsigned DEFAULT NULL COMMENT 'Величина скидки от 0.0 до 1.0',
  `started_at` datetime DEFAULT NULL,
  `finished_at` datetime DEFAULT NULL,
  `created_at` datetime DEFAULT CURRENT_TIMESTAMP,
  `updated_at` datetime DEFAULT CURRENT_TIMESTAMP ON UPDATE CURRENT_TIMESTAMP,
  PRIMARY KEY (`id`),
  UNIQUE KEY `id` (`id`),
  KEY `index_of_user_id` (`user_id`),
  KEY `index_of_product_id` (`product_id`)
) ENGINE=InnoDB DEFAULT CHARSET=utf8mb4 COLLATE=utf8mb4_0900_ai_ci COMMENT='Скидки';
/*!40101 SET character_set_client = @saved_cs_client */;

--
-- Dumping data for table `discounts`
--

LOCK TABLES `discounts` WRITE;
/*!40000 ALTER TABLE `discounts` DISABLE KEYS */;
/*!40000 ALTER TABLE `discounts` ENABLE KEYS */;
UNLOCK TABLES;

--
-- Table structure for table `friendship_statuses`
--

DROP TABLE IF EXISTS `friendship_statuses`;
/*!40101 SET @saved_cs_client     = @@character_set_client */;
/*!50503 SET character_set_client = utf8mb4 */;
CREATE TABLE `friendship_statuses` (
  `id` int unsigned NOT NULL AUTO_INCREMENT COMMENT 'Идентификатор строки',
  `name` varchar(150) CHARACTER SET utf8 COLLATE utf8_unicode_ci NOT NULL COMMENT 'Название статуса',
  `created_at` datetime DEFAULT CURRENT_TIMESTAMP COMMENT 'Время создания строки',
  `updated_at` datetime DEFAULT CURRENT_TIMESTAMP ON UPDATE CURRENT_TIMESTAMP COMMENT 'Время обновления строки',
  PRIMARY KEY (`id`),
  UNIQUE KEY `name` (`name`)
) ENGINE=InnoDB AUTO_INCREMENT=4 DEFAULT CHARSET=utf8 COLLATE=utf8_unicode_ci COMMENT='Статусы дружбы';
/*!40101 SET character_set_client = @saved_cs_client */;

--
-- Dumping data for table `friendship_statuses`
--

LOCK TABLES `friendship_statuses` WRITE;
/*!40000 ALTER TABLE `friendship_statuses` DISABLE KEYS */;
INSERT INTO `friendship_statuses` VALUES (1,'Requested','2020-10-19 21:35:13','2020-10-19 21:35:13'),(2,'Confirmed','2020-10-19 21:35:13','2020-10-19 21:35:13'),(3,'Rejected','2020-10-19 21:35:13','2020-10-19 21:35:13');
/*!40000 ALTER TABLE `friendship_statuses` ENABLE KEYS */;
UNLOCK TABLES;

--
-- Table structure for table `friendships`
--

DROP TABLE IF EXISTS `friendships`;
/*!40101 SET @saved_cs_client     = @@character_set_client */;
/*!50503 SET character_set_client = utf8mb4 */;
CREATE TABLE `friendships` (
  `user_id` int unsigned NOT NULL COMMENT 'Ссылка на инициатора дружеских отношений',
  `friend_id` int unsigned NOT NULL COMMENT 'Ссылка на получателя приглашения дружить',
  `status_id` int unsigned NOT NULL COMMENT 'Ссылка на статус (текущее состояние) отношений',
  `confirmed_at` datetime DEFAULT NULL COMMENT 'Время подтверждения приглашения',
  `created_at` datetime DEFAULT CURRENT_TIMESTAMP COMMENT 'Время создания строки',
  `updated_at` datetime DEFAULT CURRENT_TIMESTAMP ON UPDATE CURRENT_TIMESTAMP COMMENT 'Время обновления строки',
  PRIMARY KEY (`user_id`,`friend_id`) COMMENT 'Составной первичный ключ'
) ENGINE=InnoDB DEFAULT CHARSET=utf8 COLLATE=utf8_unicode_ci COMMENT='Таблица дружбы';
/*!40101 SET character_set_client = @saved_cs_client */;

--
-- Dumping data for table `friendships`
--

LOCK TABLES `friendships` WRITE;
/*!40000 ALTER TABLE `friendships` DISABLE KEYS */;
INSERT INTO `friendships` VALUES (2,95,1,'2013-09-23 19:13:46','2014-06-06 17:59:16','2020-10-19 21:36:05'),(3,30,1,'2011-04-15 07:49:40','2012-01-02 00:09:48','2020-10-19 21:36:05'),(3,43,1,'2015-04-10 01:10:09','2019-05-18 06:23:54','2020-10-19 21:36:05'),(3,93,3,'2012-07-04 07:10:06','2020-06-18 09:05:57','2020-10-19 21:36:05'),(4,37,2,'2016-10-12 10:42:37','2012-06-13 06:46:55','2020-10-19 21:36:05'),(4,68,3,'2014-06-06 20:46:20','2018-09-15 01:51:57','2020-10-19 21:36:05'),(5,57,2,'2011-12-31 15:44:00','2011-03-07 00:51:44','2020-10-19 21:36:05'),(6,99,2,'2020-03-10 22:03:48','2014-05-28 10:43:54','2020-10-19 21:36:05'),(7,5,2,'2014-01-01 01:17:46','2017-05-20 10:44:06','2020-10-19 21:36:05'),(8,28,2,'2015-05-07 16:51:35','2013-12-22 03:02:43','2020-10-19 21:36:05'),(11,38,1,'2014-07-05 14:40:57','2019-08-05 09:03:38','2020-10-19 21:36:05'),(13,89,2,'2014-04-02 13:12:34','2012-03-25 16:02:21','2020-10-19 21:36:05'),(14,89,1,'2019-11-11 05:29:02','2015-10-19 14:17:04','2020-10-19 21:36:05'),(16,90,3,'2015-01-13 13:59:30','2016-06-28 02:35:43','2020-10-19 21:36:05'),(17,72,2,'2011-11-22 16:08:09','2011-02-06 22:43:19','2020-10-19 21:36:05'),(18,11,1,'2019-05-24 04:34:40','2011-05-22 23:04:22','2020-10-19 21:36:05'),(18,19,2,'2019-07-01 05:47:29','2015-08-16 21:35:49','2020-10-19 21:36:05'),(18,72,2,'2020-09-21 04:51:53','2018-08-25 04:39:28','2020-10-19 21:36:05'),(18,84,2,'2019-02-17 16:26:26','2013-04-15 05:24:17','2020-10-19 21:36:05'),(19,60,3,'2011-08-26 20:25:28','2014-09-21 21:10:59','2020-10-19 21:36:05'),(19,63,1,'2015-11-03 07:46:26','2018-03-04 13:27:57','2020-10-19 21:36:05'),(19,98,2,'2018-04-22 23:08:44','2017-11-11 15:38:28','2020-10-19 21:36:05'),(20,67,3,'2014-08-04 00:35:21','2017-03-10 06:55:14','2020-10-19 21:36:05'),(21,20,2,'2013-01-16 03:50:20','2018-10-26 04:07:32','2020-10-19 21:36:05'),(22,39,3,'2011-03-16 08:37:30','2012-04-20 19:43:31','2020-10-19 21:36:05'),(22,47,2,'2014-12-27 06:47:14','2011-11-10 12:48:53','2020-10-19 21:36:05'),(23,57,2,'2018-02-21 21:45:34','2019-07-18 13:53:22','2020-10-19 21:36:05'),(23,95,1,'2019-09-09 17:14:10','2019-10-09 19:54:55','2020-10-19 21:36:05'),(27,3,3,'2012-03-28 15:38:25','2019-10-09 23:00:33','2020-10-19 21:36:05'),(27,17,1,'2019-04-28 10:51:20','2016-10-03 15:31:35','2020-10-19 21:36:05'),(27,53,2,'2019-01-13 14:05:10','2018-10-17 02:14:44','2020-10-19 21:36:05'),(27,59,3,'2011-12-24 05:57:35','2019-10-30 01:07:35','2020-10-19 21:36:05'),(27,90,3,'2012-04-30 22:53:09','2015-02-05 04:41:07','2020-10-19 21:36:05'),(28,35,3,'2011-11-13 02:47:59','2015-02-13 14:28:30','2020-10-19 21:36:05'),(30,55,3,'2015-11-24 12:47:43','2017-07-22 14:16:07','2020-10-19 21:36:05'),(31,71,1,'2019-02-19 08:36:19','2014-06-07 10:02:05','2020-10-19 21:36:05'),(33,57,3,'2011-06-18 22:12:48','2018-04-10 22:39:17','2020-10-19 21:36:05'),(35,45,3,'2013-12-17 19:04:18','2012-07-10 21:20:46','2020-10-19 21:36:05'),(37,9,3,'2014-03-10 18:24:46','2012-06-14 02:36:35','2020-10-19 21:36:05'),(37,26,1,'2015-03-16 18:10:56','2020-02-12 05:49:37','2020-10-19 21:36:05'),(37,97,2,'2018-09-09 17:03:01','2012-04-04 10:05:07','2020-10-19 21:36:05'),(39,88,2,'2018-10-31 23:07:11','2015-11-08 09:15:51','2020-10-19 21:36:05'),(40,44,3,'2014-02-16 17:31:23','2012-05-26 17:03:31','2020-10-19 21:36:05'),(41,1,3,'2018-10-12 14:32:27','2015-04-18 12:56:59','2020-10-19 21:36:05'),(41,24,2,'2018-01-04 17:09:47','2018-07-19 18:45:19','2020-10-19 21:36:05'),(43,6,3,'2019-09-28 19:34:06','2018-08-01 07:18:43','2020-10-19 21:36:05'),(44,30,3,'2016-02-23 20:45:53','2017-07-03 02:01:28','2020-10-19 21:36:05'),(45,42,1,'2015-09-09 23:06:51','2014-01-09 15:44:27','2020-10-19 21:36:05'),(47,70,1,'2013-07-18 14:58:44','2018-10-10 12:03:16','2020-10-19 21:36:05'),(48,22,1,'2020-10-06 01:41:32','2014-07-27 23:29:26','2020-10-19 21:36:05'),(54,61,1,'2015-12-11 07:23:23','2015-08-06 14:31:56','2020-10-19 21:36:05'),(55,88,1,'2019-08-14 12:23:01','2015-03-09 00:51:42','2020-10-19 21:36:05'),(56,18,2,'2018-04-05 20:58:16','2014-12-12 05:13:59','2020-10-19 21:36:05'),(57,6,2,'2014-04-24 15:35:13','2018-06-21 20:21:07','2020-10-19 21:36:05'),(57,66,1,'2018-04-13 17:04:23','2018-03-30 05:24:33','2020-10-19 21:36:05'),(58,15,2,'2019-04-16 05:39:01','2019-05-20 14:58:44','2020-10-19 21:36:05'),(58,76,1,'2014-01-24 11:48:43','2013-06-17 01:46:23','2020-10-19 21:36:05'),(58,91,3,'2018-08-03 05:22:09','2012-05-26 15:50:31','2020-10-19 21:36:05'),(60,87,2,'2017-02-14 15:39:05','2018-04-22 16:37:40','2020-10-19 21:36:05'),(61,6,2,'2012-06-02 09:38:09','2014-01-31 13:58:35','2020-10-19 21:36:05'),(61,61,1,'2017-08-21 09:46:34','2017-06-30 17:44:18','2020-10-19 21:36:05'),(62,76,2,'2020-01-23 03:05:46','2018-09-07 18:20:12','2020-10-19 21:36:05'),(63,51,2,'2015-11-29 22:56:30','2011-12-01 13:19:52','2020-10-19 21:36:05'),(65,70,1,'2015-10-02 21:42:39','2017-10-11 06:20:37','2020-10-19 21:36:05'),(65,73,2,'2011-06-25 14:12:45','2012-04-02 13:03:30','2020-10-19 21:36:05'),(66,92,1,'2020-04-16 20:15:39','2019-09-29 01:43:21','2020-10-19 21:36:05'),(67,3,3,'2018-07-04 06:14:37','2020-07-04 09:28:01','2020-10-19 21:36:05'),(67,44,1,'2016-02-02 14:30:00','2012-09-20 21:32:24','2020-10-19 21:36:05'),(68,45,3,'2010-12-04 02:12:17','2014-08-07 02:45:59','2020-10-19 21:36:05'),(68,69,2,'2020-07-14 20:24:50','2019-09-27 08:39:35','2020-10-19 21:36:05'),(68,70,2,'2012-07-16 21:45:14','2012-06-27 12:43:40','2020-10-19 21:36:05'),(69,28,2,'2010-12-09 03:12:58','2018-09-03 00:29:44','2020-10-19 21:36:05'),(69,57,2,'2017-08-30 10:14:43','2012-09-07 21:16:57','2020-10-19 21:36:05'),(70,14,3,'2013-08-16 22:57:59','2013-11-29 08:26:08','2020-10-19 21:36:05'),(71,98,2,'2013-12-29 16:32:28','2017-05-15 16:52:02','2020-10-19 21:36:05'),(72,49,2,'2019-05-07 15:33:14','2012-07-03 21:11:45','2020-10-19 21:36:05'),(72,97,2,'2017-12-07 14:34:15','2013-09-29 10:00:21','2020-10-19 21:36:05'),(74,68,3,'2011-05-10 19:25:42','2012-07-02 10:17:54','2020-10-19 21:36:05'),(74,79,2,'2016-10-10 15:54:28','2018-08-03 15:14:53','2020-10-19 21:36:05'),(75,11,3,'2018-04-26 02:38:37','2014-09-13 02:23:11','2020-10-19 21:36:05'),(76,55,2,'2013-12-25 04:46:11','2020-03-31 09:20:44','2020-10-19 21:36:05'),(77,91,2,'2014-12-03 06:57:17','2016-07-14 16:03:27','2020-10-19 21:36:05'),(78,92,1,'2020-03-21 03:26:47','2012-08-08 13:43:09','2020-10-19 21:36:05'),(79,44,1,'2016-04-24 18:05:04','2013-10-19 04:08:12','2020-10-19 21:36:05'),(80,29,1,'2017-04-12 02:02:28','2012-12-14 19:44:04','2020-10-19 21:36:05'),(80,97,1,'2018-09-01 02:33:42','2020-07-27 12:13:30','2020-10-19 21:36:05'),(81,33,2,'2011-03-28 07:03:40','2015-11-11 03:34:57','2020-10-19 21:36:05'),(81,73,3,'2019-10-09 18:11:57','2013-08-03 23:35:50','2020-10-19 21:36:05'),(83,43,2,'2020-08-17 17:53:31','2020-07-04 02:12:01','2020-10-19 21:36:05'),(85,58,2,'2012-08-18 03:42:11','2014-11-06 21:54:35','2020-10-19 21:36:05'),(85,65,1,'2013-09-15 00:53:21','2018-09-11 21:17:54','2020-10-19 21:36:05'),(91,51,3,'2013-10-11 03:08:31','2013-03-18 05:02:55','2020-10-19 21:36:05'),(91,60,2,'2014-11-25 01:33:27','2013-08-18 23:46:39','2020-10-19 21:36:05'),(94,40,1,'2016-10-10 01:27:26','2011-10-28 22:20:58','2020-10-19 21:36:05'),(97,10,1,'2012-06-28 22:56:41','2019-02-16 23:30:20','2020-10-19 21:36:05'),(97,52,1,'2015-08-22 14:23:08','2012-02-18 22:58:55','2020-10-19 21:36:05'),(100,32,1,'2012-05-04 16:11:33','2013-04-18 15:32:32','2020-10-19 21:36:05'),(100,55,2,'2018-03-21 12:06:17','2017-08-02 05:09:40','2020-10-19 21:36:05'),(100,69,1,'2018-03-07 21:34:29','2015-02-12 22:48:52','2020-10-19 21:36:05'),(100,98,3,'2017-07-24 17:35:20','2017-09-23 13:46:57','2020-10-19 21:36:05');
/*!40000 ALTER TABLE `friendships` ENABLE KEYS */;
UNLOCK TABLES;

--
-- Table structure for table `likes`
--

DROP TABLE IF EXISTS `likes`;
/*!40101 SET @saved_cs_client     = @@character_set_client */;
/*!50503 SET character_set_client = utf8mb4 */;
CREATE TABLE `likes` (
  `id` int unsigned NOT NULL AUTO_INCREMENT,
  `user_id` int unsigned NOT NULL,
  `target_id` int unsigned NOT NULL,
  `target_type_id` int unsigned NOT NULL,
  `created_at` datetime DEFAULT CURRENT_TIMESTAMP,
  PRIMARY KEY (`id`)
) ENGINE=InnoDB AUTO_INCREMENT=101 DEFAULT CHARSET=utf8mb4 COLLATE=utf8mb4_0900_ai_ci;
/*!40101 SET character_set_client = @saved_cs_client */;

--
-- Dumping data for table `likes`
--

LOCK TABLES `likes` WRITE;
/*!40000 ALTER TABLE `likes` DISABLE KEYS */;
INSERT INTO `likes` VALUES (1,39,38,3,'2020-10-30 16:13:09'),(2,34,61,1,'2020-10-30 16:13:09'),(3,28,35,4,'2020-10-30 16:13:09'),(4,33,4,1,'2020-10-30 16:13:09'),(5,75,23,4,'2020-10-30 16:13:09'),(6,73,1,4,'2020-10-30 16:13:09'),(7,18,36,1,'2020-10-30 16:13:09'),(8,17,8,4,'2020-10-30 16:13:09'),(9,27,62,2,'2020-10-30 16:13:09'),(10,64,30,3,'2020-10-30 16:13:09'),(11,91,84,2,'2020-10-30 16:13:09'),(12,95,26,2,'2020-10-30 16:13:09'),(13,33,39,4,'2020-10-30 16:13:09'),(14,59,7,3,'2020-10-30 16:13:09'),(15,69,69,2,'2020-10-30 16:13:09'),(16,88,23,2,'2020-10-30 16:13:09'),(17,75,28,1,'2020-10-30 16:13:09'),(18,89,99,2,'2020-10-30 16:13:09'),(19,43,30,1,'2020-10-30 16:13:09'),(20,19,30,4,'2020-10-30 16:13:09'),(21,57,18,1,'2020-10-30 16:13:09'),(22,35,23,1,'2020-10-30 16:13:09'),(23,67,14,3,'2020-10-30 16:13:09'),(24,90,50,4,'2020-10-30 16:13:09'),(25,56,34,1,'2020-10-30 16:13:09'),(26,3,12,2,'2020-10-30 16:13:09'),(27,16,26,4,'2020-10-30 16:13:09'),(28,38,41,4,'2020-10-30 16:13:09'),(29,20,33,1,'2020-10-30 16:13:09'),(30,30,33,3,'2020-10-30 16:13:09'),(31,73,39,4,'2020-10-30 16:13:09'),(32,62,83,2,'2020-10-30 16:13:09'),(33,90,67,3,'2020-10-30 16:13:09'),(34,8,55,2,'2020-10-30 16:13:09'),(35,86,80,2,'2020-10-30 16:13:09'),(36,57,65,3,'2020-10-30 16:13:09'),(37,84,50,4,'2020-10-30 16:13:09'),(38,37,91,2,'2020-10-30 16:13:09'),(39,54,32,4,'2020-10-30 16:13:09'),(40,85,37,2,'2020-10-30 16:13:09'),(41,37,94,3,'2020-10-30 16:13:09'),(42,11,78,3,'2020-10-30 16:13:09'),(43,55,1,2,'2020-10-30 16:13:09'),(44,92,41,2,'2020-10-30 16:13:09'),(45,18,3,3,'2020-10-30 16:13:09'),(46,4,31,2,'2020-10-30 16:13:09'),(47,17,57,2,'2020-10-30 16:13:09'),(48,8,32,2,'2020-10-30 16:13:09'),(49,79,90,1,'2020-10-30 16:13:09'),(50,92,24,2,'2020-10-30 16:13:09'),(51,29,24,2,'2020-10-30 16:13:09'),(52,92,59,1,'2020-10-30 16:13:09'),(53,26,66,3,'2020-10-30 16:13:09'),(54,62,54,4,'2020-10-30 16:13:09'),(55,43,72,2,'2020-10-30 16:13:09'),(56,44,22,4,'2020-10-30 16:13:09'),(57,29,6,2,'2020-10-30 16:13:09'),(58,88,17,1,'2020-10-30 16:13:09'),(59,42,55,2,'2020-10-30 16:13:09'),(60,76,35,2,'2020-10-30 16:13:09'),(61,18,58,2,'2020-10-30 16:13:09'),(62,99,92,3,'2020-10-30 16:13:09'),(63,25,42,2,'2020-10-30 16:13:09'),(64,54,61,2,'2020-10-30 16:13:09'),(65,38,57,3,'2020-10-30 16:13:09'),(66,86,13,1,'2020-10-30 16:13:09'),(67,90,30,4,'2020-10-30 16:13:09'),(68,22,60,2,'2020-10-30 16:13:09'),(69,88,39,2,'2020-10-30 16:13:09'),(70,25,41,2,'2020-10-30 16:13:09'),(71,14,88,4,'2020-10-30 16:13:09'),(72,24,27,3,'2020-10-30 16:13:09'),(73,28,52,4,'2020-10-30 16:13:09'),(74,35,38,4,'2020-10-30 16:13:09'),(75,9,89,1,'2020-10-30 16:13:09'),(76,35,11,3,'2020-10-30 16:13:09'),(77,20,48,4,'2020-10-30 16:13:09'),(78,47,98,2,'2020-10-30 16:13:09'),(79,54,22,2,'2020-10-30 16:13:09'),(80,72,18,3,'2020-10-30 16:13:09'),(81,2,96,3,'2020-10-30 16:13:09'),(82,76,61,4,'2020-10-30 16:13:09'),(83,98,60,1,'2020-10-30 16:13:09'),(84,58,66,3,'2020-10-30 16:13:09'),(85,81,36,2,'2020-10-30 16:13:09'),(86,73,56,3,'2020-10-30 16:13:09'),(87,34,86,2,'2020-10-30 16:13:09'),(88,94,77,1,'2020-10-30 16:13:09'),(89,84,10,4,'2020-10-30 16:13:09'),(90,60,6,3,'2020-10-30 16:13:09'),(91,34,18,4,'2020-10-30 16:13:09'),(92,73,7,1,'2020-10-30 16:13:09'),(93,65,71,3,'2020-10-30 16:13:09'),(94,87,56,1,'2020-10-30 16:13:09'),(95,14,21,3,'2020-10-30 16:13:09'),(96,52,72,4,'2020-10-30 16:13:09'),(97,85,23,3,'2020-10-30 16:13:09'),(98,24,43,2,'2020-10-30 16:13:09'),(99,85,95,1,'2020-10-30 16:13:09'),(100,13,7,4,'2020-10-30 16:13:09');
/*!40000 ALTER TABLE `likes` ENABLE KEYS */;
UNLOCK TABLES;

--
-- Table structure for table `media`
--

DROP TABLE IF EXISTS `media`;
/*!40101 SET @saved_cs_client     = @@character_set_client */;
/*!50503 SET character_set_client = utf8mb4 */;
CREATE TABLE `media` (
  `id` int unsigned NOT NULL AUTO_INCREMENT COMMENT 'Идентификатор строки',
  `user_id` int unsigned NOT NULL COMMENT 'Ссылка на пользователя, который загрузил файл',
  `filename` varchar(255) CHARACTER SET utf8 COLLATE utf8_unicode_ci NOT NULL COMMENT 'Путь к файлу',
  `size` int NOT NULL COMMENT 'Размер файла',
  `metadata` json DEFAULT NULL,
  `media_type_id` int unsigned NOT NULL COMMENT 'Ссылка на тип контента',
  `created_at` datetime DEFAULT CURRENT_TIMESTAMP COMMENT 'Время создания строки',
  `updated_at` datetime DEFAULT CURRENT_TIMESTAMP ON UPDATE CURRENT_TIMESTAMP COMMENT 'Время обновления строки',
  PRIMARY KEY (`id`),
  CONSTRAINT `media_chk_1` CHECK (json_valid(`metadata`))
) ENGINE=InnoDB AUTO_INCREMENT=101 DEFAULT CHARSET=utf8 COLLATE=utf8_unicode_ci COMMENT='Медиафайлы';
/*!40101 SET character_set_client = @saved_cs_client */;

--
-- Dumping data for table `media`
--

LOCK TABLES `media` WRITE;
/*!40000 ALTER TABLE `media` DISABLE KEYS */;
INSERT INTO `media` VALUES (1,51,'http://dropbox.net/vk/Cummerata.png',11725814,'{\"owner\": \"Candelario Kutch\"}',1,'2014-07-30 04:37:11','2020-10-19 21:21:47'),(2,88,'http://dropbox.net/vk/Goldner.mpeg4',255748047,'{\"owner\": \"Amelie Barrows\"}',1,'2012-03-27 03:04:26','2020-10-19 21:29:05'),(3,89,'http://dropbox.net/vk/Reichert.mpeg4',951600755,'{\"owner\": \"Blaze Von\"}',1,'2014-11-21 23:20:16','2020-10-19 21:29:05'),(4,78,'http://dropbox.net/vk/Fahey.mpeg4',990749668,'{\"owner\": \"Mateo Hoeger\"}',1,'2020-10-07 10:17:12','2020-10-19 21:21:47'),(5,24,'http://dropbox.net/vk/Effertz.png',9820,'{\"owner\": \"Alphonso Gerlach\"}',2,'2019-01-17 06:33:02','2020-10-19 21:21:47'),(6,85,'http://dropbox.net/vk/Denesik.mpeg4',5507770,'{\"owner\": \"John Schneider\"}',3,'2011-01-25 16:36:07','2020-10-19 21:21:47'),(7,51,'http://dropbox.net/vk/Terry.jpeg',65518733,'{\"owner\": \"Candelario Kutch\"}',1,'2017-01-13 08:31:48','2020-10-19 21:21:47'),(8,2,'http://dropbox.net/vk/Rau.mpeg4',4942860,'{\"owner\": \"Alden Grady\"}',1,'2013-05-28 18:50:32','2020-10-19 21:29:05'),(9,55,'http://dropbox.net/vk/Hettinger.png',60027,'{\"owner\": \"Faustino Rippin\"}',3,'2011-01-27 20:37:28','2020-10-19 21:21:47'),(10,69,'http://dropbox.net/vk/Feil.jpeg',98936106,'{\"owner\": \"Ebony Walsh\"}',3,'2020-04-25 17:16:35','2020-10-19 21:29:05'),(11,79,'http://dropbox.net/vk/Bernhard.png',522421557,'{\"owner\": \"Clement Hilll\"}',2,'2011-07-27 04:58:33','2020-10-19 21:21:47'),(12,86,'http://dropbox.net/vk/Larson.mpeg4',315289498,'{\"owner\": \"Silas Rosenbaum\"}',2,'2014-04-04 22:45:02','2020-10-19 21:29:05'),(13,96,'http://dropbox.net/vk/Nicolas.mp3',556363946,'{\"owner\": \"Merritt Morar\"}',2,'2020-03-30 16:39:18','2020-10-19 21:29:05'),(14,19,'http://dropbox.net/vk/Wiegand.png',9172848,'{\"owner\": \"Elna Lang\"}',2,'2016-05-30 16:38:16','2020-10-19 21:21:47'),(15,6,'http://dropbox.net/vk/Green.png',7030,'{\"owner\": \"Casey Blick\"}',2,'2012-03-04 09:07:20','2020-10-19 21:29:05'),(16,75,'http://dropbox.net/vk/Morar.jpeg',66134782,'{\"owner\": \"Emery Goldner\"}',2,'2013-08-29 00:03:40','2020-10-19 21:29:05'),(17,57,'http://dropbox.net/vk/Cummerata.jpeg',28998215,'{\"owner\": \"Emmalee Wiegand\"}',1,'2017-08-20 07:57:23','2020-10-19 21:29:05'),(18,57,'http://dropbox.net/vk/Glover.jpeg',99985780,'{\"owner\": \"Emmalee Wiegand\"}',1,'2015-10-15 18:03:51','2020-10-19 21:29:05'),(19,15,'http://dropbox.net/vk/Russel.mpeg4',1487,'{\"owner\": \"Elizabeth Schmitt\"}',2,'2013-03-23 17:28:25','2020-10-19 21:29:05'),(20,2,'http://dropbox.net/vk/Zulauf.png',37900,'{\"owner\": \"Alden Grady\"}',3,'2016-07-06 23:42:12','2020-10-19 21:29:05'),(21,64,'http://dropbox.net/vk/Carter.png',116608,'{\"owner\": \"Delaney Blick\"}',2,'2016-07-26 16:04:31','2020-10-19 21:29:05'),(22,15,'http://dropbox.net/vk/Blick.jpeg',464699271,'{\"owner\": \"Elizabeth Schmitt\"}',3,'2016-02-23 21:09:28','2020-10-19 21:29:05'),(23,82,'http://dropbox.net/vk/Glover.mp3',547028282,'{\"owner\": \"Lina Bruen\"}',3,'2016-06-09 13:30:18','2020-10-19 21:29:05'),(24,66,'http://dropbox.net/vk/Rosenbaum.png',30062506,'{\"owner\": \"Christian Bernhard\"}',1,'2016-08-13 13:55:17','2020-10-19 21:29:05'),(25,84,'http://dropbox.net/vk/Carter.jpeg',5197,'{\"owner\": \"Kiana Marvin\"}',2,'2018-06-23 11:46:36','2020-10-19 21:29:05'),(26,20,'http://dropbox.net/vk/Gerlach.mpeg4',472400387,'{\"owner\": \"Elisha Franecki\"}',1,'2019-07-13 01:01:47','2020-10-19 21:29:05'),(27,50,'http://dropbox.net/vk/Kling.mp3',62034626,'{\"owner\": \"Aleen Mills\"}',3,'2012-03-17 01:08:11','2020-10-19 21:21:47'),(28,86,'http://dropbox.net/vk/Hessel.mpeg4',892962002,'{\"owner\": \"Silas Rosenbaum\"}',3,'2019-11-04 23:58:28','2020-10-19 21:29:05'),(29,81,'http://dropbox.net/vk/Green.jpeg',192418,'{\"owner\": \"Ryann Towne\"}',2,'2010-10-25 04:42:58','2020-10-19 21:21:47'),(30,47,'http://dropbox.net/vk/Hilll.mpeg4',278696162,'{\"owner\": \"Elnora Stark\"}',3,'2012-01-01 11:05:13','2020-10-19 21:21:47'),(31,89,'http://dropbox.net/vk/Stark.mpeg4',360605,'{\"owner\": \"Blaze Von\"}',3,'2013-09-20 01:37:01','2020-10-19 21:29:05'),(32,6,'http://dropbox.net/vk/Towne.png',398666908,'{\"owner\": \"Casey Blick\"}',2,'2011-03-19 15:55:30','2020-10-19 21:21:47'),(33,63,'http://dropbox.net/vk/Hermann.png',111566,'{\"owner\": \"Kellie Larson\"}',1,'2017-04-24 22:34:21','2020-10-19 21:29:05'),(34,96,'http://dropbox.net/vk/Herzog.mp3',714584834,'{\"owner\": \"Merritt Morar\"}',2,'2015-03-31 19:16:41','2020-10-19 21:29:05'),(35,89,'http://dropbox.net/vk/Hickle.png',736825718,'{\"owner\": \"Blaze Von\"}',3,'2017-12-12 12:04:39','2020-10-19 21:29:05'),(36,56,'http://dropbox.net/vk/Lesch.mp3',540364119,'{\"owner\": \"Hilbert Hermann\"}',2,'2013-08-23 00:13:43','2020-10-19 21:29:05'),(37,13,'http://dropbox.net/vk/Spencer.jpeg',35032699,'{\"owner\": \"Odie O\'Hara\"}',2,'2013-08-02 21:04:30','2020-10-19 21:29:05'),(38,98,'http://dropbox.net/vk/Christiansen.mp3',379875,'{\"owner\": \"Flo Kihn\"}',3,'2013-10-19 23:22:48','2020-10-19 21:29:05'),(39,49,'http://dropbox.net/vk/Bruen.png',816177564,'{\"owner\": \"Sedrick Rau\"}',3,'2013-07-13 17:38:28','2020-10-19 21:21:47'),(40,52,'http://dropbox.net/vk/Wiegand.mpeg4',491333470,'{\"owner\": \"Darian Green\"}',2,'2016-04-18 20:43:47','2020-10-19 21:29:05'),(41,13,'http://dropbox.net/vk/Morar.mpeg4',892732742,'{\"owner\": \"Odie O\'Hara\"}',2,'2018-02-06 03:11:18','2020-10-19 21:21:47'),(42,8,'http://dropbox.net/vk/Prohaska.jpeg',1951,'{\"owner\": \"Malvina Ratke\"}',3,'2020-07-31 10:20:25','2020-10-19 21:21:47'),(43,100,'http://dropbox.net/vk/Zulauf.mp3',835565026,'{\"owner\": \"Stone Moen\"}',2,'2011-04-23 13:46:23','2020-10-19 21:29:05'),(44,77,'http://dropbox.net/vk/Schneider.png',703814749,'{\"owner\": \"Corine Spencer\"}',2,'2011-12-07 01:42:21','2020-10-19 21:21:47'),(45,85,'http://dropbox.net/vk/Goldner.png',12368700,'{\"owner\": \"John Schneider\"}',3,'2012-03-17 20:20:36','2020-10-19 21:21:47'),(46,93,'http://dropbox.net/vk/Franecki.mp3',87742,'{\"owner\": \"Grant Hickle\"}',2,'2016-07-21 09:53:45','2020-10-19 21:29:05'),(47,10,'http://dropbox.net/vk/Hermann.mpeg4',6342372,'{\"owner\": \"Kade Oberbrunner\"}',2,'2014-04-13 13:20:05','2020-10-19 21:21:47'),(48,71,'http://dropbox.net/vk/Zieme.mp3',101114747,'{\"owner\": \"Jerrod Cummerata\"}',3,'2011-09-03 19:43:19','2020-10-19 21:21:47'),(49,23,'http://dropbox.net/vk/Moen.mpeg4',43519076,'{\"owner\": \"Camren Zieme\"}',3,'2020-08-09 02:08:23','2020-10-19 21:29:05'),(50,100,'http://dropbox.net/vk/Terry.jpeg',950389285,'{\"owner\": \"Stone Moen\"}',2,'2020-07-13 11:05:12','2020-10-19 21:21:47'),(51,32,'http://dropbox.net/vk/Greenfelder.png',846927497,'{\"owner\": \"Floy Carter\"}',1,'2014-10-06 21:03:20','2020-10-19 21:29:05'),(52,58,'http://dropbox.net/vk/Torp.png',714830357,'{\"owner\": \"Shanny Glover\"}',1,'2012-04-29 23:22:46','2020-10-19 21:21:47'),(53,94,'http://dropbox.net/vk/Larson.jpeg',35923,'{\"owner\": \"Amira Runte\"}',2,'2016-04-23 20:39:33','2020-10-19 21:21:47'),(54,98,'http://dropbox.net/vk/Borer.png',722973961,'{\"owner\": \"Flo Kihn\"}',3,'2018-02-21 10:48:05','2020-10-19 21:21:47'),(55,4,'http://dropbox.net/vk/Hilll.mp3',470368765,'{\"owner\": \"Haven Rosenbaum\"}',2,'2014-09-08 05:41:56','2020-10-19 21:29:05'),(56,27,'http://dropbox.net/vk/Grady.png',182911972,'{\"owner\": \"Monserrat Schmeler\"}',2,'2019-11-19 16:14:03','2020-10-19 21:21:47'),(57,24,'http://dropbox.net/vk/Hickle.mpeg4',53179,'{\"owner\": \"Alphonso Gerlach\"}',1,'2019-07-07 08:49:36','2020-10-19 21:29:05'),(58,39,'http://dropbox.net/vk/Bernhard.jpeg',21969,'{\"owner\": \"Nicklaus Effertz\"}',1,'2016-05-18 11:19:29','2020-10-19 21:21:47'),(59,20,'http://dropbox.net/vk/Stark.mp3',570889,'{\"owner\": \"Elisha Franecki\"}',3,'2013-01-09 15:47:27','2020-10-19 21:29:05'),(60,85,'http://dropbox.net/vk/Toy.mpeg4',743166,'{\"owner\": \"John Schneider\"}',1,'2017-01-25 15:05:24','2020-10-19 21:29:05'),(61,64,'http://dropbox.net/vk/Hickle.mpeg4',30906,'{\"owner\": \"Delaney Blick\"}',2,'2016-04-05 22:50:40','2020-10-19 21:29:05'),(62,65,'http://dropbox.net/vk/Russel.mpeg4',503443595,'{\"owner\": \"Elmo Weimann\"}',1,'2010-11-18 08:19:22','2020-10-19 21:29:05'),(63,34,'http://dropbox.net/vk/Hettinger.mp3',1158002,'{\"owner\": \"Jarrod Greenfelder\"}',3,'2013-01-26 15:15:52','2020-10-19 21:21:47'),(64,72,'http://dropbox.net/vk/Torp.jpeg',8338,'{\"owner\": \"Luciano Kemmer\"}',2,'2010-11-30 01:37:36','2020-10-19 21:29:05'),(65,57,'http://dropbox.net/vk/Kihn.jpeg',968472093,'{\"owner\": \"Emmalee Wiegand\"}',3,'2019-01-24 23:24:47','2020-10-19 21:29:05'),(66,70,'http://dropbox.net/vk/Prohaska.mpeg4',332019711,'{\"owner\": \"Eleanora Torp\"}',2,'2018-11-12 01:59:16','2020-10-19 21:29:05'),(67,78,'http://dropbox.net/vk/Schmidt.mpeg4',607167654,'{\"owner\": \"Mateo Hoeger\"}',2,'2015-03-22 06:09:49','2020-10-19 21:29:05'),(68,80,'http://dropbox.net/vk/Hettinger.jpeg',73388,'{\"owner\": \"Adonis Marquardt\"}',1,'2014-03-08 01:13:46','2020-10-19 21:29:05'),(69,64,'http://dropbox.net/vk/Smith.mpeg4',13440060,'{\"owner\": \"Delaney Blick\"}',2,'2019-06-10 11:06:20','2020-10-19 21:29:05'),(70,80,'http://dropbox.net/vk/Borer.png',754672307,'{\"owner\": \"Adonis Marquardt\"}',2,'2011-09-06 23:30:58','2020-10-19 21:29:05'),(71,8,'http://dropbox.net/vk/Morissette.png',43302,'{\"owner\": \"Malvina Ratke\"}',2,'2017-12-16 20:28:58','2020-10-19 21:21:47'),(72,1,'http://dropbox.net/vk/O\'Hara.mp3',777292434,'{\"owner\": \"Cristobal Green\"}',1,'2012-09-11 07:37:31','2020-10-19 21:29:05'),(73,81,'http://dropbox.net/vk/Herzog.jpeg',622435279,'{\"owner\": \"Ryann Towne\"}',3,'2012-09-11 03:02:43','2020-10-19 21:29:05'),(74,1,'http://dropbox.net/vk/Torp.jpeg',780289123,'{\"owner\": \"Cristobal Green\"}',2,'2011-09-13 23:07:06','2020-10-19 21:21:47'),(75,60,'http://dropbox.net/vk/Schneider.jpeg',2572,'{\"owner\": \"Mark Thompson\"}',1,'2015-08-03 07:32:10','2020-10-19 21:29:05'),(76,96,'http://dropbox.net/vk/Schneider.jpeg',34129812,'{\"owner\": \"Merritt Morar\"}',3,'2014-07-15 21:52:52','2020-10-19 21:29:05'),(77,99,'http://dropbox.net/vk/Goldner.jpeg',829771722,'{\"owner\": \"Davon Russel\"}',3,'2019-04-20 02:21:17','2020-10-19 21:29:05'),(78,5,'http://dropbox.net/vk/Larson.mpeg4',46459206,'{\"owner\": \"Herman Lesch\"}',1,'2016-11-13 17:10:53','2020-10-19 21:29:05'),(79,31,'http://dropbox.net/vk/Lesch.jpeg',742970896,'{\"owner\": \"Chance Jacobson\"}',2,'2011-11-28 19:03:01','2020-10-19 21:29:05'),(80,39,'http://dropbox.net/vk/O\'Hara.jpeg',575466890,'{\"owner\": \"Nicklaus Effertz\"}',2,'2013-09-17 23:20:46','2020-10-19 21:21:47'),(81,2,'http://dropbox.net/vk/Hettinger.jpeg',26079,'{\"owner\": \"Alden Grady\"}',3,'2014-11-08 06:37:58','2020-10-19 21:21:47'),(82,92,'http://dropbox.net/vk/Goldner.png',648411796,'{\"owner\": \"Willow Hessel\"}',3,'2019-05-10 16:57:18','2020-10-19 21:29:05'),(83,53,'http://dropbox.net/vk/Barrows.mpeg4',515648340,'{\"owner\": \"Nick Metz\"}',1,'2017-09-19 21:10:01','2020-10-19 21:29:05'),(84,91,'http://dropbox.net/vk/Morissette.jpeg',4923353,'{\"owner\": \"Elmer Goldner\"}',3,'2015-10-20 15:40:28','2020-10-19 21:21:47'),(85,93,'http://dropbox.net/vk/Weimann.png',632996344,'{\"owner\": \"Grant Hickle\"}',1,'2015-12-07 18:56:36','2020-10-19 21:21:47'),(86,92,'http://dropbox.net/vk/Greenfelder.jpeg',8547104,'{\"owner\": \"Willow Hessel\"}',3,'2016-10-04 19:12:53','2020-10-19 21:29:05'),(87,80,'http://dropbox.net/vk/Runte.mp3',618026733,'{\"owner\": \"Adonis Marquardt\"}',1,'2017-05-21 01:16:43','2020-10-19 21:29:05'),(88,24,'http://dropbox.net/vk/Kemmer.jpeg',59498615,'{\"owner\": \"Alphonso Gerlach\"}',2,'2016-04-13 06:21:13','2020-10-19 21:29:05'),(89,80,'http://dropbox.net/vk/Smith.mpeg4',289770558,'{\"owner\": \"Adonis Marquardt\"}',2,'2011-06-19 13:31:35','2020-10-19 21:21:47'),(90,29,'http://dropbox.net/vk/Jacobson.mp3',989269386,'{\"owner\": \"Rupert Barrows\"}',1,'2016-09-19 15:17:28','2020-10-19 21:29:05'),(91,4,'http://dropbox.net/vk/Kihn.jpeg',191134662,'{\"owner\": \"Haven Rosenbaum\"}',3,'2016-06-08 01:58:32','2020-10-19 21:29:05'),(92,31,'http://dropbox.net/vk/Nicolas.mp3',101583145,'{\"owner\": \"Chance Jacobson\"}',2,'2019-07-03 09:35:18','2020-10-19 21:21:47'),(93,43,'http://dropbox.net/vk/Kilback.png',24821,'{\"owner\": \"Anissa Weimann\"}',3,'2019-09-13 16:59:05','2020-10-19 21:21:47'),(94,23,'http://dropbox.net/vk/Green.png',303972,'{\"owner\": \"Camren Zieme\"}',2,'2017-12-28 16:40:11','2020-10-19 21:29:05'),(95,83,'http://dropbox.net/vk/O\'Hara.mpeg4',61104,'{\"owner\": \"Javon Metz\"}',1,'2015-08-20 15:07:36','2020-10-19 21:29:05'),(96,46,'http://dropbox.net/vk/Schmeler.jpeg',934501767,'{\"owner\": \"Marilie Ullrich\"}',2,'2013-01-14 11:17:59','2020-10-19 21:29:05'),(97,81,'http://dropbox.net/vk/Hilll.mpeg4',70047211,'{\"owner\": \"Ryann Towne\"}',1,'2016-11-13 12:10:41','2020-10-19 21:21:47'),(98,67,'http://dropbox.net/vk/Goldner.jpeg',367749432,'{\"owner\": \"Dawn Feil\"}',2,'2011-01-21 06:20:16','2020-10-19 21:21:47'),(99,91,'http://dropbox.net/vk/Barrows.jpeg',25556,'{\"owner\": \"Elmer Goldner\"}',1,'2015-02-17 06:50:07','2020-10-19 21:29:05'),(100,54,'http://dropbox.net/vk/Metz.mpeg4',77627167,'{\"owner\": \"Carmela Franecki\"}',1,'2013-09-28 20:23:30','2020-10-19 21:21:47');
/*!40000 ALTER TABLE `media` ENABLE KEYS */;
UNLOCK TABLES;

--
-- Table structure for table `media_types`
--

DROP TABLE IF EXISTS `media_types`;
/*!40101 SET @saved_cs_client     = @@character_set_client */;
/*!50503 SET character_set_client = utf8mb4 */;
CREATE TABLE `media_types` (
  `id` int unsigned NOT NULL AUTO_INCREMENT COMMENT 'Идентификатор строки',
  `name` varchar(255) CHARACTER SET utf8 COLLATE utf8_unicode_ci NOT NULL COMMENT 'Название типа',
  `created_at` datetime DEFAULT CURRENT_TIMESTAMP COMMENT 'Время создания строки',
  `updated_at` datetime DEFAULT CURRENT_TIMESTAMP ON UPDATE CURRENT_TIMESTAMP COMMENT 'Время обновления строки',
  PRIMARY KEY (`id`),
  UNIQUE KEY `name` (`name`)
) ENGINE=InnoDB AUTO_INCREMENT=4 DEFAULT CHARSET=utf8 COLLATE=utf8_unicode_ci COMMENT='Типы медиафайлов';
/*!40101 SET character_set_client = @saved_cs_client */;

--
-- Dumping data for table `media_types`
--

LOCK TABLES `media_types` WRITE;
/*!40000 ALTER TABLE `media_types` DISABLE KEYS */;
INSERT INTO `media_types` VALUES (1,'image','2020-10-19 21:27:47','2020-10-19 21:27:47'),(2,'video','2020-10-19 21:27:47','2020-10-19 21:27:47'),(3,'audio','2020-10-19 21:27:47','2020-10-19 21:27:47');
/*!40000 ALTER TABLE `media_types` ENABLE KEYS */;
UNLOCK TABLES;

--
-- Table structure for table `messages`
--

DROP TABLE IF EXISTS `messages`;
/*!40101 SET @saved_cs_client     = @@character_set_client */;
/*!50503 SET character_set_client = utf8mb4 */;
CREATE TABLE `messages` (
  `id` int unsigned NOT NULL AUTO_INCREMENT COMMENT 'Идентификатор строки',
  `from_user_id` int unsigned NOT NULL COMMENT 'Ссылка на отправителя сообщения',
  `to_user_id` int unsigned NOT NULL COMMENT 'Ссылка на получателя сообщения',
  `body` text CHARACTER SET utf8 COLLATE utf8_unicode_ci NOT NULL COMMENT 'Текст сообщения',
  `is_important` tinyint(1) DEFAULT NULL COMMENT 'Признак важности',
  `is_delivered` tinyint(1) DEFAULT NULL COMMENT 'Признак доставки',
  `created_at` datetime DEFAULT CURRENT_TIMESTAMP COMMENT 'Время создания строки',
  `updated_at` datetime DEFAULT CURRENT_TIMESTAMP ON UPDATE CURRENT_TIMESTAMP COMMENT 'Время обновления строки',
  PRIMARY KEY (`id`),
  KEY `messages_from_user_id_fk` (`from_user_id`),
  KEY `messages_to_user_id_fk` (`to_user_id`),
  CONSTRAINT `messages_from_user_id_fk` FOREIGN KEY (`from_user_id`) REFERENCES `users` (`id`),
  CONSTRAINT `messages_to_user_id_fk` FOREIGN KEY (`to_user_id`) REFERENCES `users` (`id`)
) ENGINE=InnoDB DEFAULT CHARSET=utf8 COLLATE=utf8_unicode_ci COMMENT='Сообщения';
/*!40101 SET character_set_client = @saved_cs_client */;

--
-- Dumping data for table `messages`
--

LOCK TABLES `messages` WRITE;
/*!40000 ALTER TABLE `messages` DISABLE KEYS */;
/*!40000 ALTER TABLE `messages` ENABLE KEYS */;
UNLOCK TABLES;

--
-- Table structure for table `orders`
--

DROP TABLE IF EXISTS `orders`;
/*!40101 SET @saved_cs_client     = @@character_set_client */;
/*!50503 SET character_set_client = utf8mb4 */;
CREATE TABLE `orders` (
  `id` bigint unsigned NOT NULL AUTO_INCREMENT,
  `user_id` int unsigned DEFAULT NULL,
  `created_at` datetime DEFAULT CURRENT_TIMESTAMP,
  `updated_at` datetime DEFAULT CURRENT_TIMESTAMP ON UPDATE CURRENT_TIMESTAMP,
  PRIMARY KEY (`id`),
  UNIQUE KEY `id` (`id`),
  KEY `index_of_user_id` (`user_id`)
) ENGINE=InnoDB DEFAULT CHARSET=utf8mb4 COLLATE=utf8mb4_0900_ai_ci COMMENT='Заказы';
/*!40101 SET character_set_client = @saved_cs_client */;

--
-- Dumping data for table `orders`
--

LOCK TABLES `orders` WRITE;
/*!40000 ALTER TABLE `orders` DISABLE KEYS */;
/*!40000 ALTER TABLE `orders` ENABLE KEYS */;
UNLOCK TABLES;

--
-- Table structure for table `orders_products`
--

DROP TABLE IF EXISTS `orders_products`;
/*!40101 SET @saved_cs_client     = @@character_set_client */;
/*!50503 SET character_set_client = utf8mb4 */;
CREATE TABLE `orders_products` (
  `id` bigint unsigned NOT NULL AUTO_INCREMENT,
  `order_id` int unsigned DEFAULT NULL,
  `product_id` int unsigned DEFAULT NULL,
  `total` int unsigned DEFAULT '1' COMMENT 'Количество заказанных товарных позиций',
  `created_at` datetime DEFAULT CURRENT_TIMESTAMP,
  `updated_at` datetime DEFAULT CURRENT_TIMESTAMP ON UPDATE CURRENT_TIMESTAMP,
  PRIMARY KEY (`id`),
  UNIQUE KEY `id` (`id`)
) ENGINE=InnoDB DEFAULT CHARSET=utf8mb4 COLLATE=utf8mb4_0900_ai_ci COMMENT='Состав заказа';
/*!40101 SET character_set_client = @saved_cs_client */;

--
-- Dumping data for table `orders_products`
--

LOCK TABLES `orders_products` WRITE;
/*!40000 ALTER TABLE `orders_products` DISABLE KEYS */;
/*!40000 ALTER TABLE `orders_products` ENABLE KEYS */;
UNLOCK TABLES;

--
-- Table structure for table `posts`
--

DROP TABLE IF EXISTS `posts`;
/*!40101 SET @saved_cs_client     = @@character_set_client */;
/*!50503 SET character_set_client = utf8mb4 */;
CREATE TABLE `posts` (
  `id` int unsigned NOT NULL AUTO_INCREMENT,
  `user_id` int unsigned NOT NULL,
  `community_id` int unsigned DEFAULT NULL,
  `head` varchar(255) DEFAULT NULL,
  `body` text NOT NULL,
  `media_id` int unsigned DEFAULT NULL,
  `is_public` tinyint(1) DEFAULT '1',
  `is_archived` tinyint(1) DEFAULT '0',
  `created_at` datetime DEFAULT CURRENT_TIMESTAMP,
  `updated_at` datetime DEFAULT CURRENT_TIMESTAMP ON UPDATE CURRENT_TIMESTAMP,
  PRIMARY KEY (`id`)
) ENGINE=InnoDB DEFAULT CHARSET=utf8mb4 COLLATE=utf8mb4_0900_ai_ci;
/*!40101 SET character_set_client = @saved_cs_client */;

--
-- Dumping data for table `posts`
--

LOCK TABLES `posts` WRITE;
/*!40000 ALTER TABLE `posts` DISABLE KEYS */;
/*!40000 ALTER TABLE `posts` ENABLE KEYS */;
UNLOCK TABLES;

--
-- Table structure for table `products`
--

DROP TABLE IF EXISTS `products`;
/*!40101 SET @saved_cs_client     = @@character_set_client */;
/*!50503 SET character_set_client = utf8mb4 */;
CREATE TABLE `products` (
  `id` bigint unsigned NOT NULL AUTO_INCREMENT,
  `name` varchar(255) DEFAULT NULL COMMENT 'Название',
  `description` text COMMENT 'Описание',
  `price` decimal(11,2) DEFAULT NULL COMMENT 'Цена',
  `catalog_id` int unsigned DEFAULT NULL,
  `created_at` datetime DEFAULT CURRENT_TIMESTAMP,
  `updated_at` datetime DEFAULT CURRENT_TIMESTAMP ON UPDATE CURRENT_TIMESTAMP,
  PRIMARY KEY (`id`),
  UNIQUE KEY `id` (`id`),
  KEY `index_of_catalog_id` (`catalog_id`)
) ENGINE=InnoDB AUTO_INCREMENT=8 DEFAULT CHARSET=utf8mb4 COLLATE=utf8mb4_0900_ai_ci COMMENT='Товарные позиции';
/*!40101 SET character_set_client = @saved_cs_client */;

--
-- Dumping data for table `products`
--

LOCK TABLES `products` WRITE;
/*!40000 ALTER TABLE `products` DISABLE KEYS */;
INSERT INTO `products` VALUES (1,'Intel Core i3-8100','Процессор для настольных персональных компьютеров, основанных на платформе Intel.',7890.00,1,'2020-10-24 09:18:27','2020-10-24 09:18:27'),(2,'Intel Core i5-7400','Процессор для настольных персональных компьютеров, основанных на платформе Intel.',12700.00,1,'2020-10-24 09:18:27','2020-10-24 09:18:27'),(3,'AMD FX-8320E','Процессор для настольных персональных компьютеров, основанных на платформе AMD.',4780.00,1,'2020-10-24 09:18:27','2020-10-24 09:18:27'),(4,'AMD FX-8320','Процессор для настольных персональных компьютеров, основанных на платформе AMD.',7120.00,1,'2020-10-24 09:18:27','2020-10-24 09:18:27'),(5,'ASUS ROG MAXIMUS X HERO','Материнская плата ASUS ROG MAXIMUS X HERO, Z370, Socket 1151-V2, DDR4, ATX',19310.00,2,'2020-10-24 09:18:27','2020-10-24 09:18:27'),(6,'Gigabyte H310M S2H','Материнская плата Gigabyte H310M S2H, H310, Socket 1151-V2, DDR4, mATX',4790.00,2,'2020-10-24 09:18:27','2020-10-24 09:18:27'),(7,'MSI B250M GAMING PRO','Материнская плата MSI B250M GAMING PRO, B250, Socket 1151, DDR4, mATX',5060.00,2,'2020-10-24 09:18:27','2020-10-24 09:18:27');
/*!40000 ALTER TABLE `products` ENABLE KEYS */;
UNLOCK TABLES;

--
-- Table structure for table `profile_statuses`
--

DROP TABLE IF EXISTS `profile_statuses`;
/*!40101 SET @saved_cs_client     = @@character_set_client */;
/*!50503 SET character_set_client = utf8mb4 */;
CREATE TABLE `profile_statuses` (
  `id` int unsigned NOT NULL AUTO_INCREMENT COMMENT 'Идентификатор строки',
  `name` varchar(30) NOT NULL COMMENT 'Название статуса',
  `created_at` datetime DEFAULT CURRENT_TIMESTAMP COMMENT 'Время создания строки',
  `updated_at` datetime DEFAULT CURRENT_TIMESTAMP ON UPDATE CURRENT_TIMESTAMP COMMENT 'Время обновления строки',
  PRIMARY KEY (`id`),
  UNIQUE KEY `name` (`name`)
) ENGINE=InnoDB AUTO_INCREMENT=4 DEFAULT CHARSET=utf8mb4 COLLATE=utf8mb4_0900_ai_ci COMMENT='Статусы профилей';
/*!40101 SET character_set_client = @saved_cs_client */;

--
-- Dumping data for table `profile_statuses`
--

LOCK TABLES `profile_statuses` WRITE;
/*!40000 ALTER TABLE `profile_statuses` DISABLE KEYS */;
INSERT INTO `profile_statuses` VALUES (1,'active','2020-10-19 20:41:59','2020-10-19 20:41:59'),(2,'pending','2020-10-19 20:41:59','2020-10-19 20:41:59'),(3,'disables','2020-10-19 20:41:59','2020-10-19 20:41:59');
/*!40000 ALTER TABLE `profile_statuses` ENABLE KEYS */;
UNLOCK TABLES;

--
-- Table structure for table `profiles`
--

DROP TABLE IF EXISTS `profiles`;
/*!40101 SET @saved_cs_client     = @@character_set_client */;
/*!50503 SET character_set_client = utf8mb4 */;
CREATE TABLE `profiles` (
  `user_id` int unsigned NOT NULL COMMENT 'Ссылка на пользователя',
  `gender` enum('D','P','M') CHARACTER SET utf8 COLLATE utf8_unicode_ci NOT NULL,
  `birthday` date DEFAULT NULL COMMENT 'Дата рождения',
  `photo_id` int unsigned DEFAULT NULL COMMENT 'Ссылка на основную фотографию пользователя',
  `status_id` int unsigned DEFAULT NULL COMMENT 'Идентификатор статуса',
  `city_id` int unsigned DEFAULT NULL,
  `created_at` datetime DEFAULT CURRENT_TIMESTAMP COMMENT 'Время создания строки',
  `updated_at` datetime DEFAULT CURRENT_TIMESTAMP ON UPDATE CURRENT_TIMESTAMP COMMENT 'Время обновления строки',
  PRIMARY KEY (`user_id`),
  KEY `profiles_photo_id_fk` (`photo_id`),
  KEY `profiles_status_id_fk` (`status_id`),
  KEY `profiles_city_id_fk` (`city_id`),
  CONSTRAINT `profiles_city_id_fk` FOREIGN KEY (`city_id`) REFERENCES `cities` (`id`) ON DELETE SET NULL,
  CONSTRAINT `profiles_photo_id_fk` FOREIGN KEY (`photo_id`) REFERENCES `media` (`id`) ON DELETE SET NULL,
  CONSTRAINT `profiles_status_id_fk` FOREIGN KEY (`status_id`) REFERENCES `profile_statuses` (`id`) ON DELETE SET NULL,
  CONSTRAINT `profiles_user_id_fk` FOREIGN KEY (`user_id`) REFERENCES `users` (`id`) ON DELETE CASCADE
) ENGINE=InnoDB DEFAULT CHARSET=utf8 COLLATE=utf8_unicode_ci COMMENT='Профили';
/*!40101 SET character_set_client = @saved_cs_client */;

--
-- Dumping data for table `profiles`
--

LOCK TABLES `profiles` WRITE;
/*!40000 ALTER TABLE `profiles` DISABLE KEYS */;
INSERT INTO `profiles` VALUES (1,'D','1964-02-27',71,1,77,'2015-09-27 13:02:11','2020-10-19 20:57:21'),(2,'P','1948-11-24',61,2,52,'2014-07-17 14:22:40','2020-10-19 20:57:21'),(3,'M','1934-11-08',92,2,31,'2010-12-07 12:59:18','2020-10-19 20:57:21'),(4,'D','2002-04-30',76,1,95,'2017-12-14 10:20:11','2020-10-19 20:57:21'),(5,'P','2009-05-21',3,3,83,'2014-10-28 08:12:39','2020-10-19 20:57:21'),(6,'D','1942-01-11',88,1,29,'2020-02-10 15:48:31','2020-10-19 20:57:21'),(7,'D','1979-06-17',31,1,95,'2011-12-12 07:13:22','2020-10-19 20:57:21'),(8,'P','1923-11-24',90,1,89,'2018-01-16 17:27:31','2020-10-19 20:57:21'),(9,'D','1966-05-04',55,1,59,'2011-06-29 03:29:10','2020-10-19 20:57:21'),(10,'M','2019-09-28',5,1,27,'2016-12-05 21:41:52','2020-10-19 20:57:21'),(11,'D','1922-10-22',61,1,58,'2012-08-11 16:39:50','2020-10-19 20:57:21'),(12,'P','1922-08-30',87,1,9,'2020-08-19 01:10:14','2020-10-19 20:57:21'),(13,'D','1978-12-30',54,1,70,'2012-05-19 04:44:53','2020-10-19 20:57:21'),(14,'P','1945-10-25',7,1,25,'2016-04-03 01:16:24','2020-10-19 20:57:21'),(15,'D','1951-06-17',75,1,11,'2013-10-17 11:02:13','2020-10-19 20:57:21'),(16,'D','1983-06-21',51,1,79,'2016-10-31 04:41:45','2020-10-19 20:57:21'),(17,'D','1986-06-17',29,1,64,'2017-07-17 22:28:19','2020-10-19 20:57:21'),(18,'P','1972-08-31',91,1,83,'2011-09-12 13:17:15','2020-10-19 20:57:21'),(19,'P','1970-07-04',66,1,22,'2019-11-09 06:08:56','2020-10-19 20:57:21'),(20,'P','1948-07-23',60,1,59,'2013-08-25 21:45:08','2020-10-19 20:57:21'),(21,'M','1955-11-30',100,1,28,'2012-04-04 02:10:25','2020-10-19 20:57:21'),(22,'M','1990-07-30',19,3,65,'2018-12-02 21:10:11','2020-10-19 20:57:21'),(23,'M','1958-06-06',97,1,39,'2018-07-22 16:31:25','2020-10-19 20:57:21'),(24,'D','1986-11-04',26,1,2,'2012-02-16 05:37:31','2020-10-19 20:57:21'),(25,'P','1957-01-11',38,1,90,'2018-05-18 18:35:45','2020-10-19 20:57:21'),(26,'M','2020-06-29',10,1,46,'2017-03-29 21:31:05','2020-10-19 20:57:21'),(27,'M','1957-11-08',36,1,59,'2016-06-07 12:23:04','2020-10-19 20:57:21'),(28,'M','1961-12-07',51,1,56,'2018-11-23 00:52:32','2020-10-19 20:57:21'),(29,'P','1993-01-15',46,1,2,'2020-02-07 20:21:31','2020-10-19 20:57:21'),(30,'P','1954-12-15',75,1,43,'2018-04-01 08:22:58','2020-10-19 20:57:21'),(31,'D','1951-02-04',35,1,6,'2012-03-15 20:12:16','2020-10-19 20:57:21'),(32,'D','1928-07-31',53,1,2,'2016-09-11 19:23:27','2020-10-19 20:57:21'),(33,'P','1994-05-12',58,1,93,'2016-10-24 02:22:22','2020-10-19 20:57:21'),(34,'D','1968-06-24',29,1,59,'2016-01-20 13:55:08','2020-10-19 20:57:21'),(35,'P','1963-06-26',74,1,14,'2018-12-16 19:45:40','2020-10-19 20:57:21'),(36,'M','1975-02-08',80,1,94,'2011-09-05 01:01:38','2020-10-19 20:57:21'),(37,'P','1966-04-11',77,1,28,'2020-07-28 22:55:23','2020-10-19 20:57:21'),(38,'P','2009-02-12',47,1,57,'2017-04-09 05:05:53','2020-10-19 20:57:21'),(39,'D','1941-03-26',2,1,1,'2019-07-19 22:30:12','2020-10-19 20:57:21'),(40,'P','1992-03-20',70,1,32,'2014-03-22 13:22:48','2020-10-19 20:57:21'),(41,'P','1951-01-25',42,1,57,'2017-08-13 13:49:48','2020-10-19 20:57:21'),(42,'P','1943-04-02',99,1,87,'2019-11-13 14:45:25','2020-10-19 20:57:21'),(43,'M','1938-06-24',68,1,65,'2019-08-21 13:21:56','2020-10-19 20:57:21'),(44,'P','1954-02-04',42,1,61,'2012-06-29 23:08:10','2020-10-19 20:57:21'),(45,'D','1955-07-22',5,1,11,'2011-12-17 03:13:37','2020-10-19 20:57:21'),(46,'D','1973-07-27',98,1,73,'2020-06-05 18:47:32','2020-10-19 20:57:21'),(47,'M','1963-07-19',74,1,32,'2013-12-05 03:46:05','2020-10-19 20:57:21'),(48,'M','1942-05-17',75,1,41,'2013-07-28 19:22:48','2020-10-19 20:57:21'),(49,'M','2009-11-28',55,1,6,'2014-04-30 08:10:51','2020-10-19 20:57:21'),(50,'M','2019-03-14',47,1,8,'2017-03-04 19:30:47','2020-10-19 20:57:21'),(51,'D','1949-11-10',72,1,21,'2017-09-23 11:59:18','2020-10-19 20:57:21'),(52,'M','2006-08-01',19,1,79,'2013-10-10 15:19:23','2020-10-19 20:57:21'),(53,'D','1925-12-27',77,1,32,'2012-12-26 05:33:52','2020-10-19 20:57:21'),(54,'D','2010-05-18',27,1,21,'2013-10-10 20:52:30','2020-10-19 20:57:21'),(55,'P','2016-03-30',2,1,12,'2012-05-09 09:29:34','2020-10-19 20:57:21'),(56,'D','2014-04-03',31,2,94,'2012-11-01 21:46:03','2020-10-19 20:57:21'),(57,'D','1975-10-01',48,1,34,'2014-03-04 01:35:59','2020-10-19 20:57:21'),(58,'M','1974-01-06',44,1,89,'2014-09-01 08:46:08','2020-10-19 20:57:21'),(59,'D','1949-03-15',79,1,44,'2020-04-27 11:48:01','2020-10-19 20:57:21'),(60,'M','1950-08-14',62,1,49,'2017-04-17 18:22:45','2020-10-19 20:57:21'),(61,'D','1926-04-19',70,1,14,'2015-06-20 21:02:35','2020-10-19 20:57:21'),(62,'M','1943-06-21',66,1,22,'2018-09-27 10:20:47','2020-10-19 20:57:21'),(63,'M','1958-10-31',19,1,68,'2016-02-16 12:19:40','2020-10-19 20:57:21'),(64,'D','1992-12-25',98,1,74,'2016-05-15 01:56:54','2020-10-19 20:57:21'),(65,'D','1928-08-19',33,3,64,'2018-01-26 22:04:06','2020-10-19 20:57:21'),(66,'D','1982-04-22',68,1,97,'2014-08-11 06:41:47','2020-10-19 20:57:21'),(67,'D','2001-07-13',40,1,94,'2017-02-26 02:58:36','2020-10-19 20:57:21'),(68,'D','1979-11-15',98,1,77,'2017-08-24 17:10:06','2020-10-19 20:57:21'),(69,'P','2007-04-18',69,1,5,'2015-06-23 21:40:33','2020-10-19 20:57:21'),(70,'D','1963-09-10',52,1,90,'2016-12-28 15:44:12','2020-10-19 20:57:21'),(71,'P','1927-07-25',52,1,38,'2019-08-24 11:54:31','2020-10-19 20:57:21'),(72,'M','1944-07-28',3,1,18,'2011-03-03 20:41:23','2020-10-19 20:57:21'),(73,'D','1981-09-02',59,1,74,'2015-10-28 07:48:21','2020-10-19 20:57:21'),(74,'D','1922-12-04',85,1,18,'2018-03-17 19:46:20','2020-10-19 20:57:21'),(75,'P','1985-10-02',49,1,66,'2011-06-14 15:50:45','2020-10-19 20:57:21'),(76,'D','1929-07-05',88,2,74,'2018-04-21 15:41:31','2020-10-19 20:57:21'),(77,'D','1974-01-05',93,1,73,'2013-01-15 02:02:14','2020-10-19 20:57:21'),(78,'P','2009-08-08',100,3,43,'2017-01-23 15:18:42','2020-10-19 20:57:21'),(79,'P','1995-01-01',19,1,97,'2015-01-16 10:09:29','2020-10-19 20:57:21'),(80,'M','1930-03-28',97,1,52,'2015-07-13 16:37:11','2020-10-19 20:57:21'),(81,'D','1957-07-19',26,1,71,'2011-09-13 14:29:05','2020-10-19 20:57:21'),(82,'P','1994-03-31',41,1,99,'2017-12-20 15:24:03','2020-10-19 20:57:21'),(83,'M','2006-12-07',24,1,83,'2019-09-11 06:18:53','2020-10-19 20:57:21'),(84,'D','2012-10-03',98,1,15,'2013-07-30 10:52:51','2020-10-19 20:57:21'),(85,'D','1934-03-27',19,1,26,'2018-12-08 05:03:09','2020-10-19 20:57:21'),(86,'P','2018-04-21',98,1,86,'2020-03-19 16:42:52','2020-10-19 20:57:21'),(87,'D','1927-05-30',33,1,50,'2012-10-08 12:51:15','2020-10-19 20:57:21'),(88,'P','2003-12-25',71,1,93,'2018-10-25 14:06:32','2020-10-19 20:57:21'),(89,'D','1962-07-02',56,2,15,'2011-10-29 05:04:35','2020-10-19 20:57:21'),(90,'M','1992-01-18',66,1,96,'2016-09-10 09:54:09','2020-10-19 20:57:21'),(91,'P','1922-01-21',62,1,33,'2014-02-12 00:34:04','2020-10-19 20:57:21'),(92,'M','2005-11-15',12,1,77,'2016-04-08 19:48:08','2020-10-19 20:57:21'),(93,'M','1954-10-13',72,3,86,'2019-03-03 19:27:28','2020-10-19 20:57:21'),(94,'M','1970-12-04',23,1,97,'2017-09-20 07:22:21','2020-10-19 20:57:21'),(95,'P','2015-11-28',100,1,27,'2013-10-07 01:43:48','2020-10-19 20:57:21'),(96,'M','2014-02-10',30,1,42,'2017-12-28 05:58:49','2020-10-19 20:57:21'),(97,'D','1942-01-20',48,1,32,'2018-11-22 15:29:19','2020-10-19 20:57:21'),(98,'D','1976-09-24',52,1,30,'2014-05-10 05:00:23','2020-10-19 20:57:21'),(99,'D','1991-05-03',14,1,55,'2019-08-09 18:08:02','2020-10-19 20:57:21'),(100,'D','2012-03-30',15,1,86,'2012-05-26 10:01:54','2020-10-19 20:57:21');
/*!40000 ALTER TABLE `profiles` ENABLE KEYS */;
UNLOCK TABLES;

--
-- Table structure for table `storehouses`
--

DROP TABLE IF EXISTS `storehouses`;
/*!40101 SET @saved_cs_client     = @@character_set_client */;
/*!50503 SET character_set_client = utf8mb4 */;
CREATE TABLE `storehouses` (
  `id` bigint unsigned NOT NULL AUTO_INCREMENT,
  `name` varchar(255) DEFAULT NULL COMMENT 'Название',
  `created_at` datetime DEFAULT CURRENT_TIMESTAMP,
  `updated_at` datetime DEFAULT CURRENT_TIMESTAMP ON UPDATE CURRENT_TIMESTAMP,
  PRIMARY KEY (`id`),
  UNIQUE KEY `id` (`id`)
) ENGINE=InnoDB DEFAULT CHARSET=utf8mb4 COLLATE=utf8mb4_0900_ai_ci COMMENT='Склады';
/*!40101 SET character_set_client = @saved_cs_client */;

--
-- Dumping data for table `storehouses`
--

LOCK TABLES `storehouses` WRITE;
/*!40000 ALTER TABLE `storehouses` DISABLE KEYS */;
/*!40000 ALTER TABLE `storehouses` ENABLE KEYS */;
UNLOCK TABLES;

--
-- Table structure for table `storehouses_products`
--

DROP TABLE IF EXISTS `storehouses_products`;
/*!40101 SET @saved_cs_client     = @@character_set_client */;
/*!50503 SET character_set_client = utf8mb4 */;
CREATE TABLE `storehouses_products` (
  `id` bigint unsigned NOT NULL AUTO_INCREMENT,
  `storehouse_id` int unsigned DEFAULT NULL,
  `product_id` int unsigned DEFAULT NULL,
  `value` int unsigned DEFAULT NULL COMMENT 'Запас товарной позиции на складе',
  `created_at` datetime DEFAULT CURRENT_TIMESTAMP,
  `updated_at` datetime DEFAULT CURRENT_TIMESTAMP ON UPDATE CURRENT_TIMESTAMP,
  PRIMARY KEY (`id`),
  UNIQUE KEY `id` (`id`)
) ENGINE=InnoDB DEFAULT CHARSET=utf8mb4 COLLATE=utf8mb4_0900_ai_ci COMMENT='Запасы на складе';
/*!40101 SET character_set_client = @saved_cs_client */;

--
-- Dumping data for table `storehouses_products`
--

LOCK TABLES `storehouses_products` WRITE;
/*!40000 ALTER TABLE `storehouses_products` DISABLE KEYS */;
/*!40000 ALTER TABLE `storehouses_products` ENABLE KEYS */;
UNLOCK TABLES;

--
-- Table structure for table `target_types`
--

DROP TABLE IF EXISTS `target_types`;
/*!40101 SET @saved_cs_client     = @@character_set_client */;
/*!50503 SET character_set_client = utf8mb4 */;
CREATE TABLE `target_types` (
  `id` int unsigned NOT NULL AUTO_INCREMENT,
  `name` varchar(255) NOT NULL,
  `created_at` datetime DEFAULT CURRENT_TIMESTAMP,
  PRIMARY KEY (`id`),
  UNIQUE KEY `name` (`name`)
) ENGINE=InnoDB AUTO_INCREMENT=5 DEFAULT CHARSET=utf8mb4 COLLATE=utf8mb4_0900_ai_ci;
/*!40101 SET character_set_client = @saved_cs_client */;

--
-- Dumping data for table `target_types`
--

LOCK TABLES `target_types` WRITE;
/*!40000 ALTER TABLE `target_types` DISABLE KEYS */;
INSERT INTO `target_types` VALUES (1,'messages','2020-10-30 16:12:11'),(2,'users','2020-10-30 16:12:11'),(3,'media','2020-10-30 16:12:11'),(4,'posts','2020-10-30 16:12:11');
/*!40000 ALTER TABLE `target_types` ENABLE KEYS */;
UNLOCK TABLES;

--
-- Table structure for table `users`
--

DROP TABLE IF EXISTS `users`;
/*!40101 SET @saved_cs_client     = @@character_set_client */;
/*!50503 SET character_set_client = utf8mb4 */;
CREATE TABLE `users` (
  `id` int unsigned NOT NULL AUTO_INCREMENT COMMENT 'Идентификатор строки',
  `first_name` varchar(100) CHARACTER SET utf8 COLLATE utf8_unicode_ci NOT NULL COMMENT 'Имя пользователя',
  `last_name` varchar(100) CHARACTER SET utf8 COLLATE utf8_unicode_ci NOT NULL COMMENT 'Фамилия пользователя',
  `email` varchar(100) CHARACTER SET utf8 COLLATE utf8_unicode_ci NOT NULL COMMENT 'Почта',
  `phone` varchar(100) CHARACTER SET utf8 COLLATE utf8_unicode_ci NOT NULL COMMENT 'Телефон',
  `created_at` datetime DEFAULT CURRENT_TIMESTAMP COMMENT 'Время создания строки',
  `updated_at` datetime DEFAULT CURRENT_TIMESTAMP ON UPDATE CURRENT_TIMESTAMP COMMENT 'Время обновления строки',
  PRIMARY KEY (`id`),
  UNIQUE KEY `email` (`email`),
  UNIQUE KEY `phone` (`phone`)
) ENGINE=InnoDB AUTO_INCREMENT=174 DEFAULT CHARSET=utf8mb4 COLLATE=utf8mb4_0900_ai_ci;
/*!40101 SET character_set_client = @saved_cs_client */;

--
-- Dumping data for table `users`
--

LOCK TABLES `users` WRITE;
/*!40000 ALTER TABLE `users` DISABLE KEYS */;
INSERT INTO `users` VALUES (1,'Casimer','O\'Kon','carmine162@example.org','1-802-281-3574','2020-02-10 02:47:44','2020-10-14 19:42:25'),(2,'Amos','Graham','zhane1@example.net','167.483.6462x8261','2020-02-07 21:39:33','2020-10-29 22:47:17'),(3,'Casimer','O\'Kon','carmine62@example.org','1-802-781-3574','2020-02-10 02:47:44','2020-10-14 19:42:25'),(4,'Amos','Graham','zhane@example.net','167.483.6465x8261','2020-02-07 21:39:33','2020-10-29 22:47:17'),(5,'Reva','Maggio','dickens.hermann@example.net','1-710-053-4810','2020-03-20 12:42:50','2020-10-27 15:28:36'),(6,'Jaydon','Leannon','richmond.cole@example.org','1-143-106-5002x340','2020-01-18 23:15:32','2020-10-08 22:39:44'),(7,'Harmony','Boyer','pbeahan@example.com','04485838395','2020-04-22 19:34:58','2020-10-08 23:57:11'),(8,'Tommie','Bernhard','kautzer.stephon@example.org','1-124-991-7246','2020-04-26 14:55:33','2020-10-14 01:40:51'),(9,'Otto','Hilll','gstroman@example.com','(731)883-8343x298','2020-08-26 11:05:33','2020-10-03 09:22:56'),(10,'Dwight','Huel','dibbert.roma@example.net','010.624.0975x53847','2020-09-07 00:54:34','2020-10-28 09:23:58'),(11,'Bertrand','Tillman','julio.lind@example.org','(364)754-1113','2020-05-30 21:31:45','2020-10-02 06:06:52'),(12,'Aron','Simonis','loma71@example.net','+69(1)6775936335','2020-09-18 14:39:59','2020-10-12 09:07:32'),(13,'Tyrese','Schiller','timmy33@example.com','02106524413','2020-08-24 12:48:38','2020-10-22 19:06:39'),(14,'Ruby','Hagenes','caltenwerth@example.com','1-461-768-4071','2020-04-16 11:30:31','2020-10-13 07:01:13'),(15,'Liam','Hauck','pollich.chandler@example.net','+54(1)1011724930','2019-12-01 20:41:55','2020-10-19 18:26:42'),(16,'Laurianne','Hickle','ljones@example.com','491-744-4978x561','2019-11-22 09:40:33','2020-10-28 11:41:41'),(17,'Shanon','Breitenberg','uryan@example.org','+22(2)8666100551','2020-08-13 23:08:21','2020-10-16 00:54:33'),(18,'Quentin','Erdman','michele.lindgren@example.net','(494)065-9520x081','2020-08-23 22:06:09','2020-10-14 12:14:26'),(19,'Elliot','Cormier','dee.herman@example.org','(778)316-7313x409','2020-01-09 14:43:45','2020-10-26 07:30:14'),(20,'Beth','Nolan','wisozk.gustave@example.net','(388)881-4091','2020-07-14 00:26:31','2020-10-09 12:02:39'),(21,'Maximillia','Runolfsson','juwan71@example.org','07255565397','2020-04-09 18:44:43','2020-10-12 14:04:04'),(22,'Stephon','Bartell','muriel.schaden@example.org','05209172052','2020-10-27 10:05:18','2020-10-03 18:15:51'),(23,'Lyric','Kulas','rcorkery@example.org','733.054.4233','2020-07-20 12:21:30','2020-10-12 01:23:55'),(24,'Miracle','Schumm','fframi@example.com','297-878-6405x496','2019-10-30 22:15:39','2020-10-20 09:13:57'),(25,'Rosie','Denesik','pcartwright@example.org','(831)779-4618','2020-08-02 16:00:41','2020-10-05 20:59:17'),(26,'Alta','Zieme','ltorphy@example.com','07927887598','2020-10-14 11:07:42','2020-10-30 09:11:16'),(27,'Bartholome','Wolff','ericka03@example.com','00844264530','2020-10-05 04:30:49','2020-10-22 18:47:06'),(28,'Raegan','Will','andres24@example.org','866.055.9538x83004','2020-09-23 03:20:31','2020-10-24 09:52:54'),(29,'Cole','Swaniawski','jeramy65@example.org','349-955-2610x73889','2020-09-11 09:43:40','2020-10-23 23:56:28'),(30,'Claudine','Torphy','leonard.bashirian@example.org','946-920-4821x2603','2019-12-07 00:20:44','2020-10-07 04:20:52'),(31,'Gavin','Hilll','hills.simone@example.org','1-116-479-0157','2020-03-18 11:38:43','2020-10-11 13:19:25'),(32,'Jessyca','Predovic','cynthia.gulgowski@example.org','(944)095-5892x8990','2020-10-18 15:32:17','2020-10-04 18:04:58'),(33,'Wava','Graham','parisian.deonte@example.com','923.673.4676x067','2020-10-28 09:45:13','2020-10-26 01:22:27'),(34,'Trycia','Rath','theron.d\'amore@example.net','107-013-4627','2019-12-05 15:36:29','2020-10-23 06:52:41'),(35,'Willis','Turcotte','breitenberg.ada@example.com','179-769-6263','2020-10-20 11:53:38','2020-10-11 23:12:26'),(36,'Arnold','Lesch','xdaniel@example.com','08273993648','2020-07-03 17:33:11','2020-10-05 21:20:02'),(37,'Vincenza','O\'Kon','carolyn.cassin@example.org','1-962-726-8675x5470','2020-04-24 04:01:56','2020-10-27 16:51:57'),(38,'Makayla','Green','ibosco@example.org','027.984.8129x700','2020-06-03 13:05:36','2020-10-02 14:28:15'),(39,'Coty','Grimes','ygerlach@example.org','1-768-392-7004','2020-09-27 15:32:36','2020-10-09 10:41:09'),(40,'Vince','Kshlerin','maximillian.weissnat@example.com','(979)563-6390','2019-12-30 00:20:59','2020-10-20 21:23:41'),(41,'Yessenia','Murazik','celine21@example.com','+12(2)2891546213','2019-11-08 23:10:35','2020-10-02 22:21:18'),(42,'Logan','Schmidt','vena41@example.org','214.687.9020','2019-11-23 19:38:13','2020-10-19 01:51:27'),(43,'Remington','Funk','ansel63@example.com','07269026536','2020-02-06 15:26:46','2020-10-13 22:01:49'),(44,'Branson','Johns','vlegros@example.net','(959)828-4122x8653','2020-03-13 00:40:03','2020-10-28 16:35:44'),(45,'Leonora','Tillman','ugerlach@example.net','08636758461','2020-05-28 21:57:17','2020-10-03 01:03:49'),(46,'Montana','Harris','gabe39@example.org','1-109-365-6966x65410','2019-12-30 22:57:46','2020-10-16 17:01:58'),(47,'Yessenia','Schneider','reilly.sauer@example.org','+37(3)1876891279','2020-04-23 21:59:14','2020-10-20 06:47:28'),(48,'Jude','Rohan','elva.kris@example.net','1-273-429-5694','2019-11-02 02:34:13','2020-10-23 09:44:56'),(49,'Olen','Pfannerstill','ward.cassandra@example.org','462-983-7558','2020-06-02 07:22:03','2020-10-08 21:59:02'),(50,'Delaney','Emmerich','margaret.mckenzie@example.com','100.058.5169x33186','2019-11-15 19:46:25','2020-10-16 00:33:16'),(51,'Jordi','Rolfson','parker.vince@example.com','360.547.8602','2020-09-30 03:04:30','2020-10-27 14:06:23'),(52,'Sabryna','Fisher','cummings.sabryna@example.net','628.796.8691','2020-10-03 19:42:44','2020-10-06 05:04:18'),(53,'Julien','Block','fisher.jayce@example.net','1-270-284-4403x5055','2020-08-30 12:07:09','2020-10-25 03:51:46'),(54,'Jalen','Quitzon','amely.smith@example.org','+35(9)9961267055','2019-11-16 03:07:23','2020-10-14 10:14:01'),(55,'Jess','Gleason','yundt.irving@example.com','994-610-4156x2327','2019-12-06 01:37:33','2020-10-20 20:24:51'),(56,'Dolly','Robel','smith.shayna@example.com','(212)687-7010','2020-07-11 12:18:14','2020-10-19 22:29:48'),(57,'Jodie','Hayes','lester82@example.net','+56(2)9797740404','2020-07-04 07:52:28','2020-10-02 20:06:45'),(58,'Deondre','Wolf','raquel.kulas@example.net','(498)268-9360x6210','2020-01-14 08:22:30','2020-10-28 18:25:41'),(59,'Florencio','Miller','rgottlieb@example.net','1-174-513-0402x703','2020-01-25 23:44:57','2020-10-18 20:23:29'),(60,'Dashawn','Haag','fadel.damion@example.com','(418)871-3861','2020-06-22 19:57:55','2020-10-25 10:54:33'),(61,'Justyn','Miller','klang@example.com','521-567-2913x771','2020-02-01 10:28:29','2020-10-02 20:19:23'),(62,'Jasen','Willms','mann.brandyn@example.org','+50(9)3944729794','2019-12-14 09:13:54','2020-10-22 06:09:15'),(63,'Leif','Kautzer','ola.jacobson@example.net','848.131.9055','2019-12-23 02:10:58','2020-10-21 04:10:45'),(64,'Halie','Sipes','armando.kilback@example.org','880-259-4208x038','2020-06-28 00:41:23','2020-10-11 02:37:04'),(65,'Darron','Wiza','reichel.jerod@example.com','+27(4)8547261737','2020-10-06 00:19:40','2020-10-20 03:50:26'),(66,'Karianne','McKenzie','thelma51@example.com','841.594.8190','2020-06-17 15:26:35','2020-10-15 02:23:50'),(67,'Albin','Emard','hodkiewicz.marisa@example.org','1-140-555-5214','2020-09-07 01:11:43','2020-10-05 13:22:14'),(68,'Elisha','Howe','vincent98@example.com','379-797-3210x006','2019-12-11 05:21:12','2020-10-29 19:22:38'),(69,'Kaci','Zboncak','brenna.shields@example.org','(000)209-7557','2020-04-02 22:35:09','2020-10-09 04:53:11'),(70,'Filiberto','Huel','qullrich@example.org','06582869321','2020-02-28 04:04:10','2020-10-16 20:47:57'),(71,'Freida','Abbott','jmonahan@example.net','345.258.7974x7116','2020-05-09 17:40:24','2020-10-08 10:16:07'),(72,'Bud','Glover','ratke.raquel@example.com','(601)283-4133','2020-09-11 12:56:38','2020-10-27 15:30:45'),(73,'Hillard','Conroy','turner.green@example.org','1-050-811-1515x6658','2020-02-03 10:04:37','2020-10-30 17:18:51'),(74,'Marilyne','Swift','johnson.florian@example.org','+77(6)8188803460','2020-08-31 22:23:14','2020-10-02 20:14:10'),(75,'Hosea','Buckridge','abbott.jazmin@example.com','450-560-0941x707','2020-07-28 23:41:37','2020-10-19 20:54:56'),(76,'Kayden','Hermiston','ikovacek@example.org','08529494527','2020-09-24 07:37:47','2020-10-04 19:21:18'),(77,'Kathryn','Johnston','rose37@example.net','199-253-1774','2020-09-28 08:44:51','2020-10-09 22:53:44'),(78,'Wilford','Simonis','haley74@example.com','1-791-414-2253','2020-10-16 22:54:10','2020-10-16 14:31:34'),(79,'Alexandro','Trantow','ottilie37@example.com','462.013.5059','2019-11-01 05:36:42','2020-10-01 16:37:30'),(80,'Kenya','Altenwerth','collins.jocelyn@example.net','1-911-336-6231x5901','2019-12-16 06:05:33','2020-10-03 11:22:22'),(81,'Obie','Graham','fwill@example.net','(430)215-9305x98731','2020-02-22 21:52:36','2020-10-25 15:25:59'),(82,'Stella','Wilderman','lexus65@example.net','244-760-0767','2020-04-24 06:42:12','2020-10-01 22:50:20'),(83,'Renee','Luettgen','baumbach.pablo@example.com','938.521.1578x0358','2020-05-06 19:03:32','2020-10-09 06:57:41'),(84,'Vivien','Maggio','tgrady@example.com','06996636760','2020-03-09 17:58:14','2020-10-27 21:17:50'),(85,'Westley','Jast','marks.alfonso@example.net','1-396-542-4413x06506','2020-08-24 20:39:24','2020-10-07 21:07:27'),(86,'Rachel','Tremblay','glarson@example.net','(861)363-7321x85913','2020-01-08 12:58:38','2020-10-12 07:57:32'),(87,'Chelsea','Lindgren','umoore@example.net','00968235077','2020-05-25 02:15:21','2020-10-27 15:48:40'),(88,'Maximillia','Predovic','alford23@example.com','(933)095-6386x4826','2019-12-30 05:44:16','2020-10-20 18:15:33'),(89,'Hassie','Wilderman','bryce.toy@example.com','126.020.6901','2020-01-04 23:47:44','2020-10-11 17:51:21'),(90,'Leta','Dooley','yromaguera@example.com','(764)336-1500','2020-06-18 20:29:52','2020-10-18 18:49:13'),(91,'Kenton','Murazik','harris.dominique@example.net','027-596-3869x473','2020-01-25 03:47:22','2020-10-20 17:30:24'),(92,'Cortney','Lind','tblick@example.org','1-431-454-3307x54304','2020-10-25 02:01:17','2020-10-16 11:21:25'),(93,'Florida','Lehner','ellsworth.gerlach@example.com','(153)113-6178x070','2020-06-14 11:39:19','2020-10-12 06:18:34'),(94,'Alden','Schaden','electa.hauck@example.net','483.844.9923','2020-03-22 17:10:43','2020-10-14 07:01:34'),(95,'Meggie','Schmitt','naomie.west@example.net','(075)783-9383x0113','2020-05-01 14:01:25','2020-10-09 01:41:10'),(96,'Nils','Price','alverta85@example.org','(793)070-3025x091','2020-03-19 01:00:08','2020-10-17 20:15:08'),(97,'Arnaldo','Boyle','dmorissette@example.net','1-592-260-5613x67928','2020-07-05 07:23:46','2020-10-26 07:04:32'),(98,'Angelo','Feil','kautzer.lillian@example.com','(661)057-9628x207','2020-04-03 16:12:58','2020-10-23 12:40:45'),(99,'Candido','Fisher','caden.friesen@example.com','893-206-9000','2020-07-08 10:47:07','2020-10-18 07:40:38'),(100,'Connie','Franecki','yconn@example.net','1-926-063-6346x5324','2020-07-27 15:51:27','2020-10-02 18:08:07');
/*!40000 ALTER TABLE `users` ENABLE KEYS */;
UNLOCK TABLES;
/*!40103 SET TIME_ZONE=@OLD_TIME_ZONE */;

/*!40101 SET SQL_MODE=@OLD_SQL_MODE */;
/*!40014 SET FOREIGN_KEY_CHECKS=@OLD_FOREIGN_KEY_CHECKS */;
/*!40014 SET UNIQUE_CHECKS=@OLD_UNIQUE_CHECKS */;
/*!40101 SET CHARACTER_SET_CLIENT=@OLD_CHARACTER_SET_CLIENT */;
/*!40101 SET CHARACTER_SET_RESULTS=@OLD_CHARACTER_SET_RESULTS */;
/*!40101 SET COLLATION_CONNECTION=@OLD_COLLATION_CONNECTION */;
/*!40111 SET SQL_NOTES=@OLD_SQL_NOTES */;

-- Dump completed on 2020-10-30 18:01:45
